date,unexpected_risk_cost,unexpected_risk_cost_lag_1,unexpected_risk_cost_lag_2,unexpected_risk_cost_ma,unexpected_risk_cost_trend,delivery_time,delivery_time_lag_1,delivery_time_lag_2,delivery_time_ma,delivery_time_trend,delivery_cost,delivery_cost_lag_1,delivery_cost_lag_2,delivery_cost_ma,delivery_cost_trend,department,support_cost,support_cost_lag_1,support_cost_lag_2,support_cost_ma,support_cost_trend,csat_score,csat_score_lag_1,csat_score_lag_2,csat_score_ma,csat_score_trend,first_contact_resolution_rate,first_contact_resolution_rate_lag_1,first_contact_resolution_rate_lag_2,first_contact_resolution_rate_ma,first_contact_resolution_rate_trend,aha_revenue,aha_revenue_lag_1,aha_revenue_lag_2,aha_revenue_ma,aha_revenue_trend,repeat_customer_rate,repeat_customer_rate_lag_1,repeat_customer_rate_lag_2,repeat_customer_rate_ma,repeat_customer_rate_trend,total_revenue,total_revenue_lag_1,total_revenue_lag_2,total_revenue_ma,total_revenue_trend,uptime_rate,uptime_rate_lag_1,uptime_rate_lag_2,uptime_rate_ma,uptime_rate_trend,revenue_from_release,revenue_from_release_lag_1,revenue_from_release_lag_2,revenue_from_release_ma,revenue_from_release_trend,feature_adoption_rate,feature_adoption_rate_lag_1,feature_adoption_rate_lag_2,feature_adoption_rate_ma,feature_adoption_rate_trend,revenue_attributed,revenue_attributed_lag_1,revenue_attributed_lag_2,revenue_attributed_ma,revenue_attributed_trend,conversion_rate,conversion_rate_lag_1,conversion_rate_lag_2,conversion_rate_ma,conversion_rate_trend,net_profit,net_profit_lag_1,net_profit_lag_2,net_profit_ma,net_profit_trend,opex_ratio,opex_ratio_lag_1,opex_ratio_lag_2,opex_ratio_ma,opex_ratio_trend
2025-03-31,4504.099999999999,8895.01,23984.25,12461.12,-15089.24,1433.6157725202913,1292.173646767538,1425.484268281417,1383.7578958564154,-133.3106215138789,246042.7456469522,217386.63197043652,244935.88049935253,236121.7527055804,-27549.24852891601,Operations,,,,,,,,,,,,,,,,,,,,,,,,,,,,,,,,,,,,,,,,,,,,,,,,,,,,,,,,,,,,,,,,,
2025-04-30,12119.35,4504.099999999999,8895.01,8506.153333333334,-4390.910000000001,1362.31619296913,1433.6157725202913,1292.173646767538,1362.7018707523198,141.44212575275333,243811.0593871256,246042.7456469522,217386.63197043652,235746.8123348381,28656.11367651567,Operations,,,,,,,,,,,,,,,,,,,,,,,,,,,,,,,,,,,,,,,,,,,,,,,,,,,,,,,,,,,,,,,,,
2025-05-31,2448.090000000003,12119.35,4504.099999999999,6357.18,7615.250000000001,1377.6785963845603,1362.31619296913,1433.6157725202913,1391.2035206246608,-71.29957955116129,254968.8347103993,243811.0593871256,246042.7456469522,248274.21324815904,-2231.686259826587,Operations,,,,,,,,,,,,,,,,,,,,,,,,,,,,,,,,,,,,,,,,,,,,,,,,,,,,,,,,,,,,,,,,,
2025-06-30,-17645.43,2448.090000000003,12119.35,-1025.996666666666,-9671.259999999998,1367.5827177742854,1377.6785963845603,1362.31619296913,1369.192502375992,15.362403415430208,235679.17140563103,254968.8347103993,243811.0593871256,244819.68850105198,11157.775323273701,Operations,,,,,,,,,,,,,,,,,,,,,,,,,,,,,,,,,,,,,,,,,,,,,,,,,,,,,,,,,,,,,,,,,
2025-07-31,18054.73,-17645.43,2448.090000000003,952.4633333333344,-20093.520000000004,1401.3920892251722,1367.5827177742854,1377.6785963845603,1382.217801128006,-10.095878610274895,245660.07193090182,235679.17140563103,254968.8347103993,245436.02601564405,-19289.66330476827,Operations,,,,,,,,,,,,,,,,,,,,,,,,,,,,,,,,,,,,,,,,,,,,,,,,,,,,,,,,,,,,,,,,,
2025-08-31,40961.1,18054.73,-17645.43,13790.133333333333,35700.16,1359.1711349618845,1401.3920892251722,1367.5827177742854,1376.0486473204473,33.80937145088683,242467.71605055497,245660.07193090182,235679.17140563103,241268.9864623626,9980.900525270787,Operations,,,,,,,,,,,,,,,,,,,,,,,,,,,,,,,,,,,,,,,,,,,,,,,,,,,,,,,,,,,,,,,,,
2025-09-30,-1247.3300000000004,40961.1,18054.73,19256.166666666668,22906.37,1309.7001643531241,1359.1711349618845,1401.3920892251722,1356.754462846727,-42.220954263287695,245562.64987632123,242467.71605055497,245660.07193090182,244563.479285926,-3192.3558803468477,Operations,,,,,,,,,,,,,,,,,,,,,,,,,,,,,,,,,,,,,,,,,,,,,,,,,,,,,,,,,,,,,,,,,
2025-10-31,10949.260000000002,-1247.3300000000004,40961.1,16887.67666666667,-42208.43,1389.9891425770252,1309.7001643531241,1359.1711349618845,1352.9534806306779,-49.470970608760354,246392.14869077582,245562.64987632123,242467.71605055497,244807.5048725507,3094.9338257662603,Operations,,,,,,,,,,,,,,,,,,,,,,,,,,,,,,,,,,,,,,,,,,,,,,,,,,,,,,,,,,,,,,,,,
2025-11-30,13954.99,10949.260000000002,-1247.3300000000004,7885.64,12196.590000000002,1369.6358760494652,1389.9891425770252,1309.7001643531241,1356.4417276598715,80.28897822390104,235154.09082125456,246392.14869077582,245562.64987632123,242369.6297961172,829.4988144545932,Operations,,,,,,,,,,,,,,,,,,,,,,,,,,,,,,,,,,,,,,,,,,,,,,,,,,,,,,,,,,,,,,,,,
2025-12-31,3703.5300000000007,13954.99,10949.260000000002,9535.926666666668,3005.7299999999977,1438.4501108693205,1369.6358760494652,1389.9891425770252,1399.3583764986035,-20.35326652755998,253265.14895711085,235154.09082125456,246392.14869077582,244937.12948971373,-11238.05786952126,Operations,,,,,,,,,,,,,,,,,,,,,,,,,,,,,,,,,,,,,,,,,,,,,,,,,,,,,,,,,,,,,,,,,
2026-01-31,37409.17916387615,3703.5300000000007,13954.99,18355.89972129205,-10251.46,1365.9028260470943,1438.4501108693205,1369.6358760494652,1391.32960432196,68.8142348198553,243890.6940829956,253265.14895711085,235154.09082125456,244103.31128712033,18111.058135856292,Operations,,,,,,,,,,,,,,,,,,,,,,,,,,,,,,,,,,,,,,,,,,,,,,,,,,,,,,,,,,,,,,,,,
2026-02-28,19781.067408380517,37409.17916387615,3703.5300000000007,20297.925524085556,33705.64916387615,1288.2151043847723,1365.9028260470943,1438.4501108693205,1364.1893471003957,-72.54728482222617,223144.83318535378,243890.6940829956,253265.14895711085,240100.22540848676,-9374.454874115268,Operations,,,,,,,,,,,,,,,,,,,,,,,,,,,,,,,,,,,,,,,,,,,,,,,,,,,,,,,,,,,,,,,,,
2026-03-31,37643.440103619294,19781.067408380517,37409.17916387615,31611.228891958654,-17628.111755495633,1404.189210719171,1288.2151043847723,1365.9028260470943,1352.7690470503458,-77.68772166232202,250672.05605383942,223144.83318535378,243890.6940829956,239235.86110739628,-20745.860897641804,Operations,,,,,,,,,,,,,,,,,,,,,,,,,,,,,,,,,,,,,,,,,,,,,,,,,,,,,,,,,,,,,,,,,
2026-04-30,46783.717204966524,37643.440103619294,19781.067408380517,34736.07490565544,17862.372695238777,1350.7115758624323,1404.189210719171,1288.2151043847723,1347.7052969887918,115.97410633439858,242479.85194283776,250672.05605383942,223144.83318535378,238765.5803940103,27527.222868485638,Operations,,,,,,,,,,,,,,,,,,,,,,,,,,,,,,,,,,,,,,,,,,,,,,,,,,,,,,,,,,,,,,,,,
2026-05-31,37051.63602962155,46783.717204966524,37643.440103619294,40492.93111273579,9140.27710134723,1364.9977815734444,1350.7115758624323,1404.189210719171,1373.2995227183492,-53.47763485673863,240161.20838917582,242479.85194283776,250672.05605383942,244437.70546195097,-8192.204111001658,Operations,,,,,,,,,,,,,,,,,,,,,,,,,,,,,,,,,,,,,,,,,,,,,,,,,,,,,,,,,,,,,,,,,
2026-06-30,27382.812953003944,37051.63602962155,46783.717204966524,37072.72206253067,-9732.081175344974,1453.7531453090803,1364.9977815734444,1350.7115758624323,1389.8208342483192,14.286205711012144,245179.60077742793,240161.20838917582,242479.85194283776,242606.8870364805,-2318.643553661939,Operations,,,,,,,,,,,,,,,,,,,,,,,,,,,,,,,,,,,,,,,,,,,,,,,,,,,,,,,,,,,,,,,,,
2026-07-31,35233.84274455991,27382.812953003944,37051.63602962155,33222.763909061796,-9668.823076617606,1363.8739398481164,1453.7531453090803,1364.9977815734444,1394.2082889102137,88.75536373563591,241543.9557821332,245179.60077742793,240161.20838917582,242294.921649579,5018.392388252105,Operations,,,,,,,,,,,,,,,,,,,,,,,,,,,,,,,,,,,,,,,,,,,,,,,,,,,,,,,,,,,,,,,,,
2026-08-31,29544.780948796782,35233.84274455991,27382.812953003944,30720.478882120213,7851.029791555964,1378.441452972992,1363.8739398481164,1453.7531453090803,1398.6895127100627,-89.87920546096393,244558.41068307759,241543.9557821332,245179.60077742793,243760.65574754623,-3635.644995294715,Operations,,,,,,,,,,,,,,,,,,,,,,,,,,,,,,,,,,,,,,,,,,,,,,,,,,,,,,,,,,,,,,,,,
2026-09-30,41164.944685615315,29544.780948796782,35233.84274455991,35314.52279299067,-5689.061795763126,1352.3346653483704,1378.441452972992,1363.8739398481164,1364.8833527231595,14.567513124875632,233324.80403255782,244558.41068307759,241543.9557821332,239809.05683258956,3014.4549009443726,Operations,,,,,,,,,,,,,,,,,,,,,,,,,,,,,,,,,,,,,,,,,,,,,,,,,,,,,,,,,,,,,,,,,
2026-10-31,53556.68596365406,41164.944685615315,29544.780948796782,41422.137199355384,11620.163736818533,1441.415450590964,1352.3346653483704,1378.441452972992,1390.7305229707754,-26.106787624621575,241510.45803612506,233324.80403255782,244558.41068307759,239797.89091725348,-11233.606650519767,Operations,,,,,,,,,,,,,,,,,,,,,,,,,,,,,,,,,,,,,,,,,,,,,,,,,,,,,,,,,,,,,,,,,
2026-11-30,52503.93308252702,53556.68596365406,41164.944685615315,49075.1879105988,12391.741278038746,1354.8394930468635,1441.415450590964,1352.3346653483704,1382.8632029953994,89.08078524259349,238137.05381269733,241510.45803612506,233324.80403255782,237657.43862712674,8185.654003567237,Operations,,,,,,,,,,,,,,,,,,,,,,,,,,,,,,,,,,,,,,,,,,,,,,,,,,,,,,,,,,,,,,,,,
2026-12-31,46766.729968173306,52503.93308252702,53556.68596365406,50942.44967145147,-1052.7528811270386,1372.2587247706097,1354.8394930468635,1441.415450590964,1389.5045561361458,-86.57595754410045,246227.48383326887,238137.05381269733,241510.45803612506,241958.33189403042,-3373.4042234277294,Operations,,,,,,,,,,,,,,,,,,,,,,,,,,,,,,,,,,,,,,,,,,,,,,,,,,,,,,,,,,,,,,,,,
2027-01-31,31312.152583191993,46766.729968173306,52503.93308252702,43527.605211297436,-5737.203114353717,1408.8054871343272,1372.2587247706097,1354.8394930468635,1378.634568317267,17.41923172374618,252946.00873977822,246227.48383326887,238137.05381269733,245770.18212858145,8090.430020571541,Operations,,,,,,,,,,,,,,,,,,,,,,,,,,,,,,,,,,,,,,,,,,,,,,,,,,,,,,,,,,,,,,,,,
2027-02-28,43609.38074954156,31312.152583191993,46766.729968173306,40562.75443363562,-15454.577384981312,1292.2716094699645,1408.8054871343272,1372.2587247706097,1357.778607124967,36.54676236371756,206782.38683763356,252946.00873977822,246227.48383326887,235318.62647022688,6718.524906509352,Operations,,,,,,,,,,,,,,,,,,,,,,,,,,,,,,,,,,,,,,,,,,,,,,,,,,,,,,,,,,,,,,,,,
2027-03-31,44223.898968920395,43609.38074954156,31312.152583191993,39715.14410055132,12297.228166349567,1379.9463423950392,1292.2716094699645,1408.8054871343272,1360.3411463331104,-116.53387766436276,248647.37311597136,206782.38683763356,252946.00873977822,236125.25623112769,-46163.62190214466,Operations,,,,,,,,,,,,,,,,,,,,,,,,,,,,,,,,,,,,,,,,,,,,,,,,,,,,,,,,,,,,,,,,,
2027-04-30,48385.37854099534,44223.898968920395,43609.38074954156,45406.2194198191,614.518219378835,1338.2581484707634,1379.9463423950392,1292.2716094699645,1336.8253667785891,87.67473292507475,238994.41859260103,248647.37311597136,206782.38683763356,231474.72618206867,41864.986278337805,Operations,,,,,,,,,,,,,,,,,,,,,,,,,,,,,,,,,,,,,,,,,,,,,,,,,,,,,,,,,,,,,,,,,
2027-05-31,32590.964832440837,48385.37854099534,44223.898968920395,41733.41411411886,4161.479572074946,1432.690531746723,1338.2581484707634,1379.9463423950392,1383.6316742041752,-41.688193924275765,253934.96601775344,238994.41859260103,248647.37311597136,247192.25257544196,-9652.95452337034,Operations,,,,,,,,,,,,,,,,,,,,,,,,,,,,,,,,,,,,,,,,,,,,,,,,,,,,,,,,,,,,,,,,,
2027-06-30,42189.73371441059,32590.964832440837,48385.37854099534,41055.359029282256,-15794.413708554504,1378.487866059638,1432.690531746723,1338.2581484707634,1383.1455154257083,94.43238327595964,237514.17547538487,253934.96601775344,238994.41859260103,243481.18669524646,14940.547425152414,Operations,,,,,,,,,,,,,,,,,,,,,,,,,,,,,,,,,,,,,,,,,,,,,,,,,,,,,,,,,,,,,,,,,
2027-07-31,55045.83006754311,42189.73371441059,32590.964832440837,43275.50953813151,9598.768881969754,1405.166808308687,1378.487866059638,1432.690531746723,1405.4484020383495,-54.20266568708507,249301.91591813095,237514.17547538487,253934.96601775344,246917.01913708975,-16420.790542368573,Operations,,,,,,,,,,,,,,,,,,,,,,,,,,,,,,,,,,,,,,,,,,,,,,,,,,,,,,,,,,,,,,,,,
2027-08-31,40003.80520232979,55045.83006754311,42189.73371441059,45746.45632809449,12856.096353132518,1349.0010789664047,1405.166808308687,1378.487866059638,1377.5519177782433,26.678942249048987,241569.79101085398,249301.91591813095,237514.17547538487,242795.29413478993,11787.740442746086,Operations,,,,,,,,,,,,,,,,,,,,,,,,,,,,,,,,,,,,,,,,,,,,,,,,,,,,,,,,,,,,,,,,,
2027-09-30,39108.05093935617,40003.80520232979,55045.83006754311,44719.22873640969,-15042.024865213316,1350.4844678444347,1349.0010789664047,1405.166808308687,1368.2174517065089,-56.16572934228225,250914.17493696994,241569.79101085398,249301.91591813095,247261.960621985,-7732.1249072769715,Operations,,,,,,,,,,,,,,,,,,,,,,,,,,,,,,,,,,,,,,,,,,,,,,,,,,,,,,,,,,,,,,,,,
2027-10-31,44655.71274628701,39108.05093935617,40003.80520232979,41255.85629599099,-895.7542629736199,1368.7997268103961,1350.4844678444347,1349.0010789664047,1356.0950912070787,1.4833888780299276,240750.18924892697,250914.17493696994,241569.79101085398,244411.38506558363,9344.38392611596,Operations,,,,,,,,,,,,,,,,,,,,,,,,,,,,,,,,,,,,,,,,,,,,,,,,,,,,,,,,,,,,,,,,,
2027-11-30,46414.203058553576,44655.71274628701,39108.05093935617,43392.65558139892,5547.661806930839,1331.7774713239828,1368.7997268103961,1350.4844678444347,1350.3538886596045,18.315258965961448,242213.59985903834,240750.18924892697,250914.17493696994,244625.98801497844,-10163.985688042972,Operations,,,,,,,,,,,,,,,,,,,,,,,,,,,,,,,,,,,,,,,,,,,,,,,,,,,,,,,,,,,,,,,,,
2027-12-31,48529.03498301036,46414.203058553576,44655.71274628701,46532.98359595032,1758.4903122665637,1382.3774300415566,1331.7774713239828,1368.7997268103961,1360.984876058645,-37.022255486413314,255250.08389388825,242213.59985903834,240750.18924892697,246071.29100061787,1463.410610111372,Operations,,,,,,,,,,,,,,,,,,,,,,,,,,,,,,,,,,,,,,,,,,,,,,,,,,,,,,,,,,,,,,,,,
2028-01-31,42808.93874580305,48529.03498301036,46414.203058553576,45917.39226245566,2114.831924456783,1394.3745258980896,1382.3774300415566,1331.7774713239828,1369.5098090878764,50.59995871757383,241106.38828602948,255250.08389388825,242213.59985903834,246190.02401298538,13036.484034849913,Operations,,,,,,,,,,,,,,,,,,,,,,,,,,,,,,,,,,,,,,,,,,,,,,,,,,,,,,,,,,,,,,,,,
2028-02-29,49034.46471059034,42808.93874580305,48529.03498301036,46790.81281313458,-5720.096237207312,1279.6196046189655,1394.3745258980896,1382.3774300415566,1352.1238535195373,11.997095856532951,231074.88820397403,241106.38828602948,255250.08389388825,242477.12012796392,-14143.695607858768,Operations,,,,,,,,,,,,,,,,,,,,,,,,,,,,,,,,,,,,,,,,,,,,,,,,,,,,,,,,,,,,,,,,,
2028-03-31,59155.760226333325,49034.46471059034,42808.93874580305,50333.05456090891,6225.525964787295,1447.5709453112656,1279.6196046189655,1394.3745258980896,1373.855025276107,-114.75492127912412,235084.50000407797,231074.88820397403,241106.38828602948,235755.2588313605,-10031.500082055456,Operations,,,,,,,,,,,,,,,,,,,,,,,,,,,,,,,,,,,,,,,,,,,,,,,,,,,,,,,,,,,,,,,,,
2028-04-30,43280.707761210375,59155.760226333325,49034.46471059034,50490.31089937801,10121.295515742982,1333.723904154259,1447.5709453112656,1279.6196046189655,1353.6381513614967,167.95134069230016,241749.89039932468,235084.50000407797,231074.88820397403,235969.7595357922,4009.611800103943,Operations,,,,,,,,,,,,,,,,,,,,,,,,,,,,,,,,,,,,,,,,,,,,,,,,,,,,,,,,,,,,,,,,,
2028-05-31,41648.27975352358,43280.707761210375,59155.760226333325,48028.24924702243,-15875.05246512295,1373.66024790958,1333.723904154259,1447.5709453112656,1384.9850324583683,-113.84704115700674,255632.95798656708,241749.89039932468,235084.50000407797,244155.7827966566,6665.390395246708,Operations,,,,,,,,,,,,,,,,,,,,,,,,,,,,,,,,,,,,,,,,,,,,,,,,,,,,,,,,,,,,,,,,,
2028-06-30,30485.08218642637,41648.27975352358,43280.707761210375,38471.356567053444,-1632.4280076867944,1364.0844497373012,1373.66024790958,1333.723904154259,1357.1562006003799,39.936343755321104,242635.1550926519,255632.95798656708,241749.89039932468,246672.6678261812,13883.067587242404,Operations,,,,,,,,,,,,,,,,,,,,,,,,,,,,,,,,,,,,,,,,,,,,,,,,,,,,,,,,,,,,,,,,,
2028-07-31,59301.30122967709,30485.08218642637,41648.27975352358,43811.55438987568,-11163.19756709721,1402.3247392502813,1364.0844497373012,1373.66024790958,1380.0231456323872,-9.575798172278837,248104.91349068223,242635.1550926519,255632.95798656708,248791.00885663377,-12997.802893915185,Operations,,,,,,,,,,,,,,,,,,,,,,,,,,,,,,,,,,,,,,,,,,,,,,,,,,,,,,,,,,,,,,,,,
2028-08-31,50153.74713583244,59301.30122967709,30485.08218642637,46646.710183978634,28816.21904325072,1378.7700585819216,1402.3247392502813,1364.0844497373012,1381.7264158565013,38.2402895129801,256025.72767075393,248104.91349068223,242635.1550926519,248921.93208469602,5469.758398030332,Operations,,,,,,,,,,,,,,,,,,,,,,,,,,,,,,,,,,,,,,,,,,,,,,,,,,,,,,,,,,,,,,,,,
2028-09-30,26170.368731854636,50153.74713583244,59301.30122967709,45208.47236578806,-9147.55409384465,1363.3564614024303,1378.7700585819216,1402.3247392502813,1381.4837530782108,-23.55468066835965,244723.6025076097,256025.72767075393,248104.91349068223,249618.0812230153,7920.8141800716985,Operations,,,,,,,,,,,,,,,,,,,,,,,,,,,,,,,,,,,,,,,,,,,,,,,,,,,,,,,,,,,,,,,,,
2028-10-31,67763.83959843223,26170.368731854636,50153.74713583244,48029.31848870643,-23983.378403977804,1361.2154771093774,1363.3564614024303,1378.7700585819216,1367.7806656979099,-15.413597179491262,242356.74240200839,244723.6025076097,256025.72767075393,247702.02419345733,-11302.125163144228,Operations,,,,,,,,,,,,,,,,,,,,,,,,,,,,,,,,,,,,,,,,,,,,,,,,,,,,,,,,,,,,,,,,,
2028-11-30,23381.701399640115,67763.83959843223,26170.368731854636,39105.30324330899,41593.47086657759,1344.4894787382798,1361.2154771093774,1363.3564614024303,1356.353805750029,-2.140984293052952,239522.0316338748,242356.74240200839,244723.6025076097,242200.7921811643,-2366.860105601314,Operations,,,,,,,,,,,,,,,,,,,,,,,,,,,,,,,,,,,,,,,,,,,,,,,,,,,,,,,,,,,,,,,,,
2028-12-31,46688.77739710052,23381.701399640115,67763.83959843223,45944.77279839095,-44382.13819879211,1318.8496999102808,1344.4894787382798,1361.2154771093774,1341.5182185859794,-16.725998371097603,233661.00660957137,239522.0316338748,242356.74240200839,238513.2602151515,-2834.7107681335765,Operations,,,,,,,,,,,,,,,,,,,,,,,,,,,,,,,,,,,,,,,,,,,,,,,,,,,,,,,,,,,,,,,,,
2025-03-31,,,,,,,,,,,,,,,,Customer Support,1890695.31,1469860.61,1867446.5,1680277.96,-397585.8899999999,143.64,129.72,141.78,136.68,-12.060000000000002,2316.630165720279,2089.849477038977,2288.544764812776,2203.2398213796278,-198.695287773799,,,,,,,,,,,,,,,,,,,,,,,,,,,,,,,,,,,,,,,,,,,,,,,,,,
2025-04-30,,,,,,,,,,,,,,,,Customer Support,1785948.93,1890695.31,1469860.61,1838322.12,420834.69999999995,138.78,143.64,129.72,141.20999999999998,13.919999999999987,2225.5956684835946,2316.630165720279,2089.849477038977,2271.1129171019365,226.78068868130185,,,,,,,,,,,,,,,,,,,,,,,,,,,,,,,,,,,,,,,,,,,,,,,,,,
2025-05-31,,,,,,,,,,,,,,,,Customer Support,1913040.81,1785948.93,1890695.31,1849494.87,-104746.38000000012,143.0,138.78,143.64,140.89,-4.859999999999985,2280.2497099560746,2225.5956684835946,2316.630165720279,2252.922689219835,-91.03449723668427,,,,,,,,,,,,,,,,,,,,,,,,,,,,,,,,,,,,,,,,,,,,,,,,,,
2025-06-30,,,,,,,,,,,,,,,,Customer Support,1602813.0,1913040.81,1785948.93,1757926.905,127091.88000000012,136.04,143.0,138.78,139.51999999999998,4.219999999999999,2185.059986746978,2280.2497099560746,2225.5956684835946,2232.654848351526,54.65404147248,,,,,,,,,,,,,,,,,,,,,,,,,,,,,,,,,,,,,,,,,,,,,,,,,,
2025-07-31,,,,,,,,,,,,,,,,Customer Support,1732603.11,1602813.0,1913040.81,1667708.0550000002,-310227.81000000006,142.99,136.04,143.0,139.515,-6.960000000000008,2332.605379424419,2185.059986746978,2280.2497099560746,2258.8326830856986,-95.18972320909643,,,,,,,,,,,,,,,,,,,,,,,,,,,,,,,,,,,,,,,,,,,,,,,,,,
2025-08-31,,,,,,,,,,,,,,,,Customer Support,1644771.34,1732603.11,1602813.0,1688687.225,129790.1100000001,140.49,142.99,136.04,141.74,6.950000000000017,2327.899497805093,2332.605379424419,2185.059986746978,2330.252438614756,147.54539267744076,,,,,,,,,,,,,,,,,,,,,,,,,,,,,,,,,,,,,,,,,,,,,,,,,,
2025-09-30,,,,,,,,,,,,,,,,Customer Support,1758216.26,1644771.34,1732603.11,1701493.8,-87831.77000000002,137.48,140.49,142.99,138.985,-2.5,2288.1329435068083,2327.899497805093,2332.605379424419,2308.0162206559507,-4.705881619326192,,,,,,,,,,,,,,,,,,,,,,,,,,,,,,,,,,,,,,,,,,,,,,,,,,
2025-10-31,,,,,,,,,,,,,,,,Customer Support,1814033.05,1758216.26,1644771.34,1786124.655,113444.91999999993,142.32,137.48,140.49,139.89999999999998,-3.0100000000000193,2366.536882475513,2288.1329435068083,2327.899497805093,2327.3349129911603,-39.76655429828452,,,,,,,,,,,,,,,,,,,,,,,,,,,,,,,,,,,,,,,,,,,,,,,,,,
2025-11-30,,,,,,,,,,,,,,,,Customer Support,1632274.89,1814033.05,1758216.26,1723153.97,55816.79000000004,137.16,142.32,137.48,139.74,4.840000000000003,2276.6143107509947,2366.536882475513,2288.1329435068083,2321.5755966132538,78.40393896870455,,,,,,,,,,,,,,,,,,,,,,,,,,,,,,,,,,,,,,,,,,,,,,,,,,
2025-12-31,,,,,,,,,,,,,,,,Customer Support,1708533.49,1632274.89,1814033.05,1670404.19,-181758.16000000015,142.46,137.16,142.32,139.81,-5.159999999999997,2336.74232808071,2276.6143107509947,2366.536882475513,2306.6783194158525,-89.9225717245181,,,,,,,,,,,,,,,,,,,,,,,,,,,,,,,,,,,,,,,,,,,,,,,,,,
2026-01-31,,,,,,,,,,,,,,,,Customer Support,2013899.5302757688,1708533.49,1632274.89,1861216.5101378844,76258.6000000001,142.70150795696532,142.46,137.16,142.58075397848268,5.300000000000011,2271.0701376789934,2336.74232808071,2276.6143107509947,2303.906232879852,60.128017329715476,,,,,,,,,,,,,,,,,,,,,,,,,,,,,,,,,,,,,,,,,,,,,,,,,,
2026-02-28,,,,,,,,,,,,,,,,Customer Support,1297971.8663975138,2013899.5302757688,1708533.49,1655935.6983366413,305366.04027576884,127.8764342733494,142.70150795696532,142.46,135.28897111515735,0.24150795696530736,2125.4286940732236,2271.0701376789934,2336.74232808071,2198.2494158761083,-65.67219040171676,,,,,,,,,,,,,,,,,,,,,,,,,,,,,,,,,,,,,,,,,,,,,,,,,,
2026-03-31,,,,,,,,,,,,,,,,Customer Support,1624522.0410556525,1297971.8663975138,2013899.5302757688,1461246.9537265832,-715927.663878255,142.23503750658404,127.8764342733494,142.70150795696532,135.0557358899667,-14.825073683615912,2332.5905408614262,2125.4286940732236,2271.0701376789934,2229.009617467325,-145.64144360576984,,,,,,,,,,,,,,,,,,,,,,,,,,,,,,,,,,,,,,,,,,,,,,,,,,
2026-04-30,,,,,,,,,,,,,,,,Customer Support,1796978.2814604908,1624522.0410556525,1297971.8663975138,1710750.1612580717,326550.17465813877,137.08534775096766,142.23503750658404,127.8764342733494,139.66019262877586,14.358603233234632,2229.1565709733445,2332.5905408614262,2125.4286940732236,2280.8735559173856,207.16184678820264,,,,,,,,,,,,,,,,,,,,,,,,,,,,,,,,,,,,,,,,,,,,,,,,,,
2026-05-31,,,,,,,,,,,,,,,,Customer Support,1872104.3115066546,1796978.2814604908,1624522.0410556525,1834541.2964835726,172456.24040483823,142.21709482304436,137.08534775096766,142.23503750658404,139.65122128700602,-5.149689755616379,2306.2962836229326,2229.1565709733445,2332.5905408614262,2267.7264272981383,-103.43396988808172,,,,,,,,,,,,,,,,,,,,,,,,,,,,,,,,,,,,,,,,,,,,,,,,,,
2026-06-30,,,,,,,,,,,,,,,,Customer Support,1861674.5206830513,1872104.3115066546,1796978.2814604908,1866889.416094853,75126.03004616383,137.83276835493825,142.21709482304436,137.08534775096766,140.0249315889913,5.131747072076706,2256.377061660959,2306.2962836229326,2229.1565709733445,2281.336672641946,77.13971264958809,,,,,,,,,,,,,,,,,,,,,,,,,,,,,,,,,,,,,,,,,,,,,,,,,,
2026-07-31,,,,,,,,,,,,,,,,Customer Support,1826828.6965732903,1861674.5206830513,1872104.3115066546,1844251.6086281708,-10429.790823603282,142.58001357373197,137.83276835493825,142.21709482304436,140.20639096433513,-4.38432646810611,2340.3057694877975,2256.377061660959,2306.2962836229326,2298.3414155743785,-49.91922196197356,,,,,,,,,,,,,,,,,,,,,,,,,,,,,,,,,,,,,,,,,,,,,,,,,,
2026-08-31,,,,,,,,,,,,,,,,Customer Support,1457090.2487587966,1826828.6965732903,1861674.5206830513,1641959.4726660433,-34845.824109761044,141.05469046709342,142.58001357373197,137.83276835493825,141.8173520204127,4.747245218793722,2286.4564651287433,2340.3057694877975,2256.377061660959,2313.3811173082704,83.92870782683849,,,,,,,,,,,,,,,,,,,,,,,,,,,,,,,,,,,,,,,,,,,,,,,,,,
2026-09-30,,,,,,,,,,,,,,,,Customer Support,1629524.1938224498,1457090.2487587966,1826828.6965732903,1543307.2212906233,-369738.4478144937,136.7742741353011,141.05469046709342,142.58001357373197,138.91448230119727,-1.5253231066385524,2305.737156739592,2286.4564651287433,2340.3057694877975,2296.0968109341675,-53.84930435905426,,,,,,,,,,,,,,,,,,,,,,,,,,,,,,,,,,,,,,,,,,,,,,,,,,
2026-10-31,,,,,,,,,,,,,,,,Customer Support,2082253.179094942,1629524.1938224498,1457090.2487587966,1855888.686458696,172433.94506365317,143.83977326919296,136.7742741353011,141.05469046709342,140.30702370224702,-4.28041633179231,2318.806830921162,2305.737156739592,2286.4564651287433,2312.271993830377,19.280691610848862,,,,,,,,,,,,,,,,,,,,,,,,,,,,,,,,,,,,,,,,,,,,,,,,,,
2026-11-30,,,,,,,,,,,,,,,,Customer Support,1513401.856018915,2082253.179094942,1629524.1938224498,1797827.5175569286,452728.9852724923,138.512502255554,143.83977326919296,136.7742741353011,141.1761377623735,7.065499133891848,2242.42365551299,2318.806830921162,2305.737156739592,2280.615243217076,13.069674181570008,,,,,,,,,,,,,,,,,,,,,,,,,,,,,,,,,,,,,,,,,,,,,,,,,,
2026-12-31,,,,,,,,,,,,,,,,Customer Support,1630672.9442927008,1513401.856018915,2082253.179094942,1572037.4001558078,-568851.323076027,140.55039969689568,138.512502255554,143.83977326919296,139.53145097622485,-5.327271013638949,2347.9699852250656,2242.42365551299,2318.806830921162,2295.1968203690276,-76.38317540817206,,,,,,,,,,,,,,,,,,,,,,,,,,,,,,,,,,,,,,,,,,,,,,,,,,
2027-01-31,,,,,,,,,,,,,,,,Customer Support,1886589.800053898,1630672.9442927008,1513401.856018915,1758631.3721732995,117271.08827378578,140.66640745238098,140.55039969689568,138.512502255554,140.60840357463832,2.03789744134167,2333.300606779432,2347.9699852250656,2242.42365551299,2340.6352960022487,105.54632971207548,,,,,,,,,,,,,,,,,,,,,,,,,,,,,,,,,,,,,,,,,,,,,,,,,,
2027-02-28,,,,,,,,,,,,,,,,Customer Support,1629593.8646249578,1886589.800053898,1630672.9442927008,1758091.832339428,255916.85576119716,128.671316282042,140.66640745238098,140.55039969689568,134.6688618672115,0.11600775548529896,2123.516987054124,2333.300606779432,2347.9699852250656,2228.408796916778,-14.669378445633356,,,,,,,,,,,,,,,,,,,,,,,,,,,,,,,,,,,,,,,,,,,,,,,,,,
2027-03-31,,,,,,,,,,,,,,,,Customer Support,1598127.3364383618,1629593.8646249578,1886589.800053898,1613860.6005316598,-256995.93542894023,142.18810210449027,128.671316282042,140.66640745238098,135.42970919326615,-11.99509117033898,2331.030135969658,2123.516987054124,2333.300606779432,2227.273561511891,-209.7836197253082,,,,,,,,,,,,,,,,,,,,,,,,,,,,,,,,,,,,,,,,,,,,,,,,,,
2027-04-30,,,,,,,,,,,,,,,,Customer Support,1849662.0438727052,1598127.3364383618,1629593.8646249578,1723894.6901555336,-31466.528186596,139.5959654256775,142.18810210449027,128.671316282042,140.89203376508388,13.51678582244827,2257.7060209681117,2331.030135969658,2123.516987054124,2294.368078468885,207.5131489155342,,,,,,,,,,,,,,,,,,,,,,,,,,,,,,,,,,,,,,,,,,,,,,,,,,
2027-05-31,,,,,,,,,,,,,,,,Customer Support,1741908.5462791736,1849662.0438727052,1598127.3364383618,1795785.2950759395,251534.7074343434,140.7194309165374,139.5959654256775,142.18810210449027,140.15769817110743,-2.5921366788127784,2316.9402451783626,2257.7060209681117,2331.030135969658,2287.323133073237,-73.32411500154649,,,,,,,,,,,,,,,,,,,,,,,,,,,,,,,,,,,,,,,,,,,,,,,,,,
2027-06-30,,,,,,,,,,,,,,,,Customer Support,1651525.6694809757,1741908.5462791736,1849662.0438727052,1696717.1078800745,-107753.49759353162,137.96283693488454,140.7194309165374,139.5959654256775,139.34113392571095,1.1234654908598998,2235.7935063022164,2316.9402451783626,2257.7060209681117,2276.3668757402893,59.234224210250886,,,,,,,,,,,,,,,,,,,,,,,,,,,,,,,,,,,,,,,,,,,,,,,,,,
2027-07-31,,,,,,,,,,,,,,,,Customer Support,2040394.223563149,1651525.6694809757,1741908.5462791736,1845959.9465220624,-90382.87679819786,142.6084551261464,137.96283693488454,140.7194309165374,140.28564603051547,-2.7565939816528555,2349.6922243446866,2235.7935063022164,2316.9402451783626,2292.7428653234515,-81.14673887614617,,,,,,,,,,,,,,,,,,,,,,,,,,,,,,,,,,,,,,,,,,,,,,,,,,
2027-08-31,,,,,,,,,,,,,,,,Customer Support,1902072.2393410685,2040394.223563149,1651525.6694809757,1971233.2314521088,388868.5540821734,144.9896021900661,142.6084551261464,137.96283693488454,143.79902865810624,4.64561819126186,2312.1213150106773,2349.6922243446866,2235.7935063022164,2330.906769677682,113.89871804247014,,,,,,,,,,,,,,,,,,,,,,,,,,,,,,,,,,,,,,,,,,,,,,,,,,
2027-09-30,,,,,,,,,,,,,,,,Customer Support,1563372.8732962501,1902072.2393410685,2040394.223563149,1732722.5563186593,-138321.98422208056,139.5060429673907,144.9896021900661,142.6084551261464,142.2478225787284,2.3811470639197125,2276.2021077586905,2312.1213150106773,2349.6922243446866,2294.161711384684,-37.57090933400923,,,,,,,,,,,,,,,,,,,,,,,,,,,,,,,,,,,,,,,,,,,,,,,,,,
2027-10-31,,,,,,,,,,,,,,,,Customer Support,1703052.6847055373,1563372.8732962501,1902072.2393410685,1633212.7790008937,-338699.3660448184,142.7453793150994,139.5060429673907,144.9896021900661,141.12571114124506,-5.48355922267541,2286.708442335409,2276.2021077586905,2312.1213150106773,2281.45527504705,-35.91920725198679,,,,,,,,,,,,,,,,,,,,,,,,,,,,,,,,,,,,,,,,,,,,,,,,,,
2027-11-30,,,,,,,,,,,,,,,,Customer Support,1594316.8799702025,1703052.6847055373,1563372.8732962501,1648684.78233787,139679.81140928715,135.0379384530596,142.7453793150994,139.5060429673907,138.8916588840795,3.2393363477087007,2239.3253697582595,2286.708442335409,2276.2021077586905,2263.0169060468343,10.506334576718473,,,,,,,,,,,,,,,,,,,,,,,,,,,,,,,,,,,,,,,,,,,,,,,,,,
2027-12-31,,,,,,,,,,,,,,,,Customer Support,1754365.2698207472,1594316.8799702025,1703052.6847055373,1674341.0748954748,-108735.80473533482,142.4182073439481,135.0379384530596,142.7453793150994,138.72807289850385,-7.707440862039789,2350.6355112480287,2239.3253697582595,2286.708442335409,2294.980440503144,-47.383072577149505,,,,,,,,,,,,,,,,,,,,,,,,,,,,,,,,,,,,,,,,,,,,,,,,,,
2028-01-31,,,,,,,,,,,,,,,,Customer Support,1753541.7117916858,1754365.2698207472,1594316.8799702025,1753953.4908062164,160048.38985054474,143.70335783970756,142.4182073439481,135.0379384530596,143.06078259182783,7.3802688908884875,2326.469979315522,2350.6355112480287,2239.3253697582595,2338.552745281775,111.3101414897692,,,,,,,,,,,,,,,,,,,,,,,,,,,,,,,,,,,,,,,,,,,,,,,,,,
2028-02-29,,,,,,,,,,,,,,,,Customer Support,1479262.3889932418,1753541.7117916858,1754365.2698207472,1616402.0503924638,-823.5580290614162,134.81993076670875,143.70335783970756,142.4182073439481,139.26164430320816,1.285150495759467,2216.3078830186587,2326.469979315522,2350.6355112480287,2271.38893116709,-24.165531932506838,,,,,,,,,,,,,,,,,,,,,,,,,,,,,,,,,,,,,,,,,,,,,,,,,,
2028-03-31,,,,,,,,,,,,,,,,Customer Support,1475435.9379582843,1479262.3889932418,1753541.7117916858,1477349.163475763,-274279.32279844396,142.02797350387402,134.81993076670875,143.70335783970756,138.4239521352914,-8.883427072998813,2324.770541630654,2216.3078830186587,2326.469979315522,2270.5392123246565,-110.16209629686318,,,,,,,,,,,,,,,,,,,,,,,,,,,,,,,,,,,,,,,,,,,,,,,,,,
2028-04-30,,,,,,,,,,,,,,,,Customer Support,1788416.6217933078,1475435.9379582843,1479262.3889932418,1631926.279875796,-3826.451034957543,138.16636916306777,142.02797350387402,134.81993076670875,140.0971713334709,7.208042737165272,2201.1131618618842,2324.770541630654,2216.3078830186587,2262.941851746269,108.46265861199527,,,,,,,,,,,,,,,,,,,,,,,,,,,,,,,,,,,,,,,,,,,,,,,,,,
2028-05-31,,,,,,,,,,,,,,,,Customer Support,1733101.8714902236,1788416.6217933078,1475435.9379582843,1760759.2466417658,312980.68383502355,140.83537948222644,138.16636916306777,142.02797350387402,139.50087432264712,-3.8616043408062524,2318.0103322718896,2201.1131618618842,2324.770541630654,2259.5617470668867,-123.65737976876972,,,,,,,,,,,,,,,,,,,,,,,,,,,,,,,,,,,,,,,,,,,,,,,,,,
2028-06-30,,,,,,,,,,,,,,,,Customer Support,1790001.7365992954,1733101.8714902236,1788416.6217933078,1761551.8040447594,-55314.75030308426,137.91753004315945,140.83537948222644,138.16636916306777,139.37645476269296,2.669010319158673,2266.2615788065905,2318.0103322718896,2201.1131618618842,2292.13595553924,116.8971704100054,,,,,,,,,,,,,,,,,,,,,,,,,,,,,,,,,,,,,,,,,,,,,,,,,,
2028-07-31,,,,,,,,,,,,,,,,Customer Support,1917037.6961029142,1790001.7365992954,1733101.8714902236,1853519.716351105,56899.865109071834,141.81211208562834,137.91753004315945,140.83537948222644,139.86482106439388,-2.9178494390669982,2283.851292286885,2266.2615788065905,2318.0103322718896,2275.0564355467377,-51.74875346529916,,,,,,,,,,,,,,,,,,,,,,,,,,,,,,,,,,,,,,,,,,,,,,,,,,
2028-08-31,,,,,,,,,,,,,,,,Customer Support,1701666.5906284258,1917037.6961029142,1790001.7365992954,1809352.14336567,127035.95950361877,142.25079210699144,141.81211208562834,137.91753004315945,142.0314520963099,3.8945820424688975,2271.845936735222,2283.851292286885,2266.2615788065905,2277.8486145110537,17.58971348029445,,,,,,,,,,,,,,,,,,,,,,,,,,,,,,,,,,,,,,,,,,,,,,,,,,
2028-09-30,,,,,,,,,,,,,,,,Customer Support,1505960.4313028539,1701666.5906284258,1917037.6961029142,1603813.5109656397,-215371.10547448834,136.28720091831724,142.25079210699144,141.81211208562834,139.26899651265433,0.4386800213630977,2246.6225322670366,2271.845936735222,2283.851292286885,2259.2342345011293,-12.005355551662888,,,,,,,,,,,,,,,,,,,,,,,,,,,,,,,,,,,,,,,,,,,,,,,,,,
2028-10-31,,,,,,,,,,,,,,,,Customer Support,1925854.3424884093,1505960.4313028539,1701666.5906284258,1715907.3868956314,-195706.15932557196,142.0998603411902,136.28720091831724,142.25079210699144,139.19353062975372,-5.963591188674201,2323.6514572152455,2246.6225322670366,2271.845936735222,2285.1369947411413,-25.223404468185436,,,,,,,,,,,,,,,,,,,,,,,,,,,,,,,,,,,,,,,,,,,,,,,,,,
2028-11-30,,,,,,,,,,,,,,,,Customer Support,1926593.6432518228,1925854.3424884093,1505960.4313028539,1926223.9928701161,419893.9111855554,136.71102339250965,142.0998603411902,136.28720091831724,139.4054418668499,5.812659422872969,2249.5526661596027,2323.6514572152455,2246.6225322670366,2286.602061687424,77.0289249482089,,,,,,,,,,,,,,,,,,,,,,,,,,,,,,,,,,,,,,,,,,,,,,,,,,
2028-12-31,,,,,,,,,,,,,,,,Customer Support,1784746.780411157,1926593.6432518228,1925854.3424884093,1855670.21183149,739.3007634135429,137.11149002447573,136.71102339250965,142.0998603411902,136.9112567084927,-5.388836948680563,2257.225393854593,2249.5526661596027,2323.6514572152455,2253.389030007098,-74.09879105564278,,,,,,,,,,,,,,,,,,,,,,,,,,,,,,,,,,,,,,,,,,,,,,,,,,
2025-03-31,,,,,,,,,,,,,,,,Sales,,,,,,,,,,,,,,,,418406.77,461597.25,470670.55,450224.8566666667,-9073.299999999988,642.5182794729069,582.6879242813798,604.0298220805857,609.7453419449574,-21.34189779920598,,,,,,,,,,,,,,,,,,,,,,,,,,,,,,,,,,,,,,,,
2025-04-30,,,,,,,,,,,,,,,,Sales,,,,,,,,,,,,,,,,454764.21,418406.77,461597.25,444922.74333333335,-43190.47999999998,590.6146684376129,642.5182794729069,582.6879242813798,605.2736240639665,59.83035519152713,,,,,,,,,,,,,,,,,,,,,,,,,,,,,,,,,,,,,,,,
2025-05-31,,,,,,,,,,,,,,,,Sales,,,,,,,,,,,,,,,,495503.17,454764.21,418406.77,456224.7166666666,36357.44,617.7239569510488,590.6146684376129,642.5182794729069,616.9523016205229,-51.903611035294034,,,,,,,,,,,,,,,,,,,,,,,,,,,,,,,,,,,,,,,,
2025-06-30,,,,,,,,,,,,,,,,Sales,,,,,,,,,,,,,,,,483961.58,495503.17,454764.21,478076.32,40738.95999999996,580.5651434068577,617.7239569510488,590.6146684376129,596.301256265173,27.1092885134359,,,,,,,,,,,,,,,,,,,,,,,,,,,,,,,,,,,,,,,,
2025-07-31,,,,,,,,,,,,,,,,Sales,,,,,,,,,,,,,,,,481252.43,483961.58,495503.17,486905.7266666666,-11541.589999999967,615.9538509424968,580.5651434068577,617.7239569510488,604.7476504334678,-37.15881354419105,,,,,,,,,,,,,,,,,,,,,,,,,,,,,,,,,,,,,,,,
2025-08-31,,,,,,,,,,,,,,,,Sales,,,,,,,,,,,,,,,,508602.15,481252.43,483961.58,491272.0533333334,-2709.1500000000233,621.2469140078556,615.9538509424968,580.5651434068577,605.9219694524035,35.38870753563913,,,,,,,,,,,,,,,,,,,,,,,,,,,,,,,,,,,,,,,,
2025-09-30,,,,,,,,,,,,,,,,Sales,,,,,,,,,,,,,,,,456899.79,508602.15,481252.43,482251.4566666667,27349.72000000003,615.9078484774836,621.2469140078556,615.9538509424968,617.702871142612,5.293063065358751,,,,,,,,,,,,,,,,,,,,,,,,,,,,,,,,,,,,,,,,
2025-10-31,,,,,,,,,,,,,,,,Sales,,,,,,,,,,,,,,,,447114.8,456899.79,508602.15,470872.24666666664,-51702.360000000044,634.4464126665088,615.9078484774836,621.2469140078556,623.8670583839494,-5.339065530371954,,,,,,,,,,,,,,,,,,,,,,,,,,,,,,,,,,,,,,,,
2025-11-30,,,,,,,,,,,,,,,,Sales,,,,,,,,,,,,,,,,455438.0,447114.8,456899.79,453150.8633333333,-9784.98999999999,572.5289704739031,634.4464126665088,615.9078484774836,607.6277438726319,18.538564189025124,,,,,,,,,,,,,,,,,,,,,,,,,,,,,,,,,,,,,,,,
2025-12-31,,,,,,,,,,,,,,,,Sales,,,,,,,,,,,,,,,,494847.31,455438.0,447114.8,465800.0366666666,8323.200000000012,630.1670380598761,572.5289704739031,634.4464126665088,612.3808070667627,-61.91744219260568,,,,,,,,,,,,,,,,,,,,,,,,,,,,,,,,,,,,,,,,
2026-01-31,,,,,,,,,,,,,,,,Sales,,,,,,,,,,,,,,,,473866.75948683056,494847.31,455438.0,474717.35649561015,39409.31,631.0084476555946,630.1670380598761,572.5289704739031,611.2348187297912,57.638067585972976,,,,,,,,,,,,,,,,,,,,,,,,,,,,,,,,,,,,,,,,
2026-02-28,,,,,,,,,,,,,,,,Sales,,,,,,,,,,,,,,,,390917.4939437677,473866.75948683056,494847.31,453210.52114353277,-20980.550513169437,575.2729363084661,631.0084476555946,630.1670380598761,612.1494740079789,0.8414095957185737,,,,,,,,,,,,,,,,,,,,,,,,,,,,,,,,,,,,,,,,
2026-03-31,,,,,,,,,,,,,,,,Sales,,,,,,,,,,,,,,,,465911.5702058397,390917.4939437677,473866.75948683056,443565.27454547933,-82949.26554306288,620.2401001588894,575.2729363084661,631.0084476555946,608.84049470765,-55.73551134712852,,,,,,,,,,,,,,,,,,,,,,,,,,,,,,,,,,,,,,,,
2026-04-30,,,,,,,,,,,,,,,,Sales,,,,,,,,,,,,,,,,434734.18631708063,465911.5702058397,390917.4939437677,430521.083488896,74994.07626207202,665.8179106524055,620.2401001588894,575.2729363084661,620.4436490399204,44.967163850423276,,,,,,,,,,,,,,,,,,,,,,,,,,,,,,,,,,,,,,,,
2026-05-31,,,,,,,,,,,,,,,,Sales,,,,,,,,,,,,,,,,442167.3629799129,434734.18631708063,465911.5702058397,447604.37316761113,-31177.38388875907,643.1154571797051,665.8179106524055,620.2401001588894,643.0578226636667,45.577810493516154,,,,,,,,,,,,,,,,,,,,,,,,,,,,,,,,,,,,,,,,
2026-06-30,,,,,,,,,,,,,,,,Sales,,,,,,,,,,,,,,,,447892.52142515767,442167.3629799129,434734.18631708063,441598.02357405034,7433.176662832266,647.9657085468832,643.1154571797051,665.8179106524055,652.2996921263313,-22.702453472700427,,,,,,,,,,,,,,,,,,,,,,,,,,,,,,,,,,,,,,,,
2026-07-31,,,,,,,,,,,,,,,,Sales,,,,,,,,,,,,,,,,428790.6640252465,447892.52142515767,442167.3629799129,439616.84947677236,5725.158445244771,598.0470780509498,647.9657085468832,643.1154571797051,629.7094145925126,4.850251367178089,,,,,,,,,,,,,,,,,,,,,,,,,,,,,,,,,,,,,,,,
2026-08-31,,,,,,,,,,,,,,,,Sales,,,,,,,,,,,,,,,,435917.30117146095,428790.6640252465,447892.52142515767,437533.4955406217,-19101.857399911154,617.4239159102132,598.0470780509498,647.9657085468832,621.145567502682,-49.91863049593337,,,,,,,,,,,,,,,,,,,,,,,,,,,,,,,,,,,,,,,,
2026-09-30,,,,,,,,,,,,,,,,Sales,,,,,,,,,,,,,,,,490479.2875159945,435917.30117146095,428790.6640252465,451729.0842375673,7126.637146214431,575.2380716564593,617.4239159102132,598.0470780509498,596.9030218725408,19.376837859263333,,,,,,,,,,,,,,,,,,,,,,,,,,,,,,,,,,,,,,,,
2026-10-31,,,,,,,,,,,,,,,,Sales,,,,,,,,,,,,,,,,495766.25499867497,490479.2875159945,435917.30117146095,474054.28122871014,54561.986344533565,621.706995464252,575.2380716564593,617.4239159102132,604.7896610103081,-42.185844253753885,,,,,,,,,,,,,,,,,,,,,,,,,,,,,,,,,,,,,,,,
2026-11-30,,,,,,,,,,,,,,,,Sales,,,,,,,,,,,,,,,,494482.24829313793,495766.25499867497,490479.2875159945,493575.9302692691,5286.967482680455,595.2515084775516,621.706995464252,575.2380716564593,597.3988585327544,46.46892380779275,,,,,,,,,,,,,,,,,,,,,,,,,,,,,,,,,,,,,,,,
2026-12-31,,,,,,,,,,,,,,,,Sales,,,,,,,,,,,,,,,,503937.57186622545,494482.24829313793,495766.25499867497,498062.02505267947,-1284.006705537031,636.0656849692784,595.2515084775516,621.706995464252,617.6747296370273,-26.455486986700407,,,,,,,,,,,,,,,,,,,,,,,,,,,,,,,,,,,,,,,,
2027-01-31,,,,,,,,,,,,,,,,Sales,,,,,,,,,,,,,,,,438473.92396098626,503937.57186622545,494482.24829313793,478964.5813734499,9455.323573087517,562.2439882428607,636.0656849692784,595.2515084775516,597.8537272298969,40.81417649172681,,,,,,,,,,,,,,,,,,,,,,,,,,,,,,,,,,,,,,,,
2027-02-28,,,,,,,,,,,,,,,,Sales,,,,,,,,,,,,,,,,427012.7235158677,438473.92396098626,503937.57186622545,456474.7397810265,-65463.647905239195,572.614805455773,562.2439882428607,636.0656849692784,590.3081595559707,-73.82169672641771,,,,,,,,,,,,,,,,,,,,,,,,,,,,,,,,,,,,,,,,
2027-03-31,,,,,,,,,,,,,,,,Sales,,,,,,,,,,,,,,,,465790.87150204455,427012.7235158677,438473.92396098626,443759.1729929662,-11461.200445118535,583.4094712173128,572.614805455773,562.2439882428607,572.7560883053155,10.370817212912243,,,,,,,,,,,,,,,,,,,,,,,,,,,,,,,,,,,,,,,,
2027-04-30,,,,,,,,,,,,,,,,Sales,,,,,,,,,,,,,,,,463691.5984834181,465790.87150204455,427012.7235158677,452165.06450044346,38778.14798617683,579.8679540840125,583.4094712173128,572.614805455773,578.6307435856994,10.794665761539818,,,,,,,,,,,,,,,,,,,,,,,,,,,,,,,,,,,,,,,,
2027-05-31,,,,,,,,,,,,,,,,Sales,,,,,,,,,,,,,,,,491815.5025252754,463691.5984834181,465790.87150204455,473765.9908369127,-2099.273018626438,598.1372442517757,579.8679540840125,583.4094712173128,587.1382231843669,-3.5415171333003173,,,,,,,,,,,,,,,,,,,,,,,,,,,,,,,,,,,,,,,,
2027-06-30,,,,,,,,,,,,,,,,Sales,,,,,,,,,,,,,,,,449973.6489064043,491815.5025252754,463691.5984834181,468493.58330503263,28123.904041857284,556.8301293929402,598.1372442517757,579.8679540840125,578.2784425762428,18.269290167763188,,,,,,,,,,,,,,,,,,,,,,,,,,,,,,,,,,,,,,,,
2027-07-31,,,,,,,,,,,,,,,,Sales,,,,,,,,,,,,,,,,485858.13945116906,449973.6489064043,491815.5025252754,475882.4302942829,-41841.85361887107,613.9031750835247,556.8301293929402,598.1372442517757,589.6235162427469,-41.30711485883546,,,,,,,,,,,,,,,,,,,,,,,,,,,,,,,,,,,,,,,,
2027-08-31,,,,,,,,,,,,,,,,Sales,,,,,,,,,,,,,,,,465046.7209587776,485858.13945116906,449973.6489064043,466959.50310545036,35884.49054476473,598.9618381049847,613.9031750835247,556.8301293929402,589.8983808604833,57.073045690584536,,,,,,,,,,,,,,,,,,,,,,,,,,,,,,,,,,,,,,,,
2027-09-30,,,,,,,,,,,,,,,,Sales,,,,,,,,,,,,,,,,496568.37273586774,465046.7209587776,485858.13945116906,482491.07771527144,-20811.418492391473,608.7352195116347,598.9618381049847,613.9031750835247,607.2000775667148,-14.941336978539994,,,,,,,,,,,,,,,,,,,,,,,,,,,,,,,,,,,,,,,,
2027-10-31,,,,,,,,,,,,,,,,Sales,,,,,,,,,,,,,,,,474899.4390259625,496568.37273586774,465046.7209587776,478838.177573536,31521.651777090156,590.621669869943,608.7352195116347,598.9618381049847,599.4395758288541,9.773381406649946,,,,,,,,,,,,,,,,,,,,,,,,,,,,,,,,,,,,,,,,
2027-11-30,,,,,,,,,,,,,,,,Sales,,,,,,,,,,,,,,,,471874.30202795175,474899.4390259625,496568.37273586774,481114.0379299273,-21668.93370990525,562.2064291446762,590.621669869943,608.7352195116347,587.1877728420847,-18.113549641691634,,,,,,,,,,,,,,,,,,,,,,,,,,,,,,,,,,,,,,,,
2027-12-31,,,,,,,,,,,,,,,,Sales,,,,,,,,,,,,,,,,506544.94738671306,471874.30202795175,474899.4390259625,484439.5628135424,-3025.136998010741,615.3840909309155,562.2064291446762,590.621669869943,589.4040633151783,-28.415240725266813,,,,,,,,,,,,,,,,,,,,,,,,,,,,,,,,,,,,,,,,
2028-01-31,,,,,,,,,,,,,,,,Sales,,,,,,,,,,,,,,,,501714.54950639204,506544.94738671306,471874.30202795175,493377.9329736856,34670.64535876131,586.7455325267305,615.3840909309155,562.2064291446762,588.1120175341074,53.17766178623924,,,,,,,,,,,,,,,,,,,,,,,,,,,,,,,,,,,,,,,,
2028-02-29,,,,,,,,,,,,,,,,Sales,,,,,,,,,,,,,,,,470050.6562191506,501714.54950639204,506544.94738671306,492770.0510374186,-4830.397880321019,597.559267914796,586.7455325267305,615.3840909309155,599.8962971241473,-28.638558404185005,,,,,,,,,,,,,,,,,,,,,,,,,,,,,,,,,,,,,,,,
2028-03-31,,,,,,,,,,,,,,,,Sales,,,,,,,,,,,,,,,,472064.4508285562,470050.6562191506,501714.54950639204,481276.5521846996,-31663.89328724146,632.7373576875864,597.559267914796,586.7455325267305,605.680719376371,10.813735388065538,,,,,,,,,,,,,,,,,,,,,,,,,,,,,,,,,,,,,,,,
2028-04-30,,,,,,,,,,,,,,,,Sales,,,,,,,,,,,,,,,,437910.81866565597,472064.4508285562,470050.6562191506,460008.6419044542,2013.7946094056242,582.8388913597017,632.7373576875864,597.559267914796,604.378505654028,35.17808977279037,,,,,,,,,,,,,,,,,,,,,,,,,,,,,,,,,,,,,,,,
2028-05-31,,,,,,,,,,,,,,,,Sales,,,,,,,,,,,,,,,,499431.7299426461,437910.81866565597,472064.4508285562,469802.33314561937,-34153.632162900234,621.3404419189443,582.8388913597017,632.7373576875864,612.3055636554108,-49.89846632788465,,,,,,,,,,,,,,,,,,,,,,,,,,,,,,,,,,,,,,,,
2028-06-30,,,,,,,,,,,,,,,,Sales,,,,,,,,,,,,,,,,500886.99379927985,499431.7299426461,437910.81866565597,479409.8474691939,61520.91127699014,606.048108409734,621.3404419189443,582.8388913597017,603.40914722946,38.50155055924256,,,,,,,,,,,,,,,,,,,,,,,,,,,,,,,,,,,,,,,,
2028-07-31,,,,,,,,,,,,,,,,Sales,,,,,,,,,,,,,,,,440696.58852667967,500886.99379927985,499431.7299426461,480338.43742286856,1455.263856633741,653.5637768266047,606.048108409734,621.3404419189443,626.984109051761,-15.292333509210266,,,,,,,,,,,,,,,,,,,,,,,,,,,,,,,,,,,,,,,,
2028-08-31,,,,,,,,,,,,,,,,Sales,,,,,,,,,,,,,,,,473259.81617521064,440696.58852667967,500886.99379927985,471614.4661670567,-60190.40527260018,627.397136499915,653.5637768266047,606.048108409734,629.003007245418,47.51566841687065,,,,,,,,,,,,,,,,,,,,,,,,,,,,,,,,,,,,,,,,
2028-09-30,,,,,,,,,,,,,,,,Sales,,,,,,,,,,,,,,,,465957.9113051904,473259.81617521064,440696.58852667967,459971.4386690269,32563.22764853097,554.0247915837012,627.397136499915,653.5637768266047,611.6619016367403,-26.16664032668973,,,,,,,,,,,,,,,,,,,,,,,,,,,,,,,,,,,,,,,,
2028-10-31,,,,,,,,,,,,,,,,Sales,,,,,,,,,,,,,,,,485412.400545934,465957.9113051904,473259.81617521064,474876.70934211166,-7301.904870020226,630.6137893545782,554.0247915837012,627.397136499915,604.0119058127315,-73.3723449162137,,,,,,,,,,,,,,,,,,,,,,,,,,,,,,,,,,,,,,,,
2028-11-30,,,,,,,,,,,,,,,,Sales,,,,,,,,,,,,,,,,404904.13068855705,485412.400545934,465957.9113051904,452091.4808465605,19454.48924074357,617.5005207812029,630.6137893545782,554.0247915837012,600.7130339064942,76.58899777087697,,,,,,,,,,,,,,,,,,,,,,,,,,,,,,,,,,,,,,,,
2028-12-31,,,,,,,,,,,,,,,,Sales,,,,,,,,,,,,,,,,447334.5989632467,404904.13068855705,485412.400545934,445883.7100659125,-80508.26985737693,622.8209343350179,617.5005207812029,630.6137893545782,623.6450814902663,-13.113268573375308,,,,,,,,,,,,,,,,,,,,,,,,,,,,,,,,,,,,,,,,
2025-05-31,,,,,,,,,,,,,,,,Tech,,,,,,,,,,,,,,,,,,,,,,,,,,92221294.86,89841680.91,92794866.15,88606427.35,-2953185.2400000095,3068.4300799799453,2969.992926153948,3074.1382450390192,2990.8241637592937,-104.14531888507145,,,,,,,,,,,,,,,,,,,,,,,,,,,,,,
2025-06-30,,,,,,,,,,,,,,,,Tech,,,,,,,,,,,,,,,,,,,,,,,,,,90780010.38,92221294.86,89841680.91,88671780.108,2379613.950000003,2978.2384516806173,3068.4300799799453,2969.992926153948,2972.8129141561617,98.43715382599748,,,,,,,,,,,,,,,,,,,,,,,,,,,,,,
2025-07-31,,,,,,,,,,,,,,,,Tech,,,,,,,,,,,,,,,,,,,,,,,,,,95464268.44,90780010.38,92221294.86,92220424.148,-1441284.4800000042,3071.0175740509776,2978.2384516806173,3068.4300799799453,3032.3634553809015,-90.19162829932793,,,,,,,,,,,,,,,,,,,,,,,,,,,,,,
2025-08-31,,,,,,,,,,,,,,,,Tech,,,,,,,,,,,,,,,,,,,,,,,,,,94481310.16,95464268.44,90780010.38,92557712.95,4684258.060000002,3064.994579440308,3071.0175740509776,2978.2384516806173,3030.534722261159,92.77912237036026,,,,,,,,,,,,,,,,,,,,,,,,,,,,,,
2025-09-30,,,,,,,,,,,,,,,,Tech,,,,,,,,,,,,,,,,,,,,,,,,,,80739222.03,94481310.16,95464268.44,90737221.174,-982958.2800000012,2965.8709139074012,3064.994579440308,3071.0175740509776,3029.7103198118502,-6.022994610669684,,,,,,,,,,,,,,,,,,,,,,,,,,,,,,
2025-10-31,,,,,,,,,,,,,,,,Tech,,,,,,,,,,,,,,,,,,,,,,,,,,107930373.83,80739222.03,94481310.16,93879036.968,-13742088.129999995,3071.4552295227327,2965.8709139074012,3064.994579440308,3030.3153497204075,-99.12366553290667,,,,,,,,,,,,,,,,,,,,,,,,,,,,,,
2025-11-30,,,,,,,,,,,,,,,,Tech,,,,,,,,,,,,,,,,,,,,,,,,,,95880999.82,107930373.83,80739222.03,94899234.85599999,27191151.799999997,2970.533667856276,3071.4552295227327,2965.8709139074012,3028.774392955539,105.58431561533143,,,,,,,,,,,,,,,,,,,,,,,,,,,,,,
2025-12-31,,,,,,,,,,,,,,,,Tech,,,,,,,,,,,,,,,,,,,,,,,,,,86461307.64,95880999.82,107930373.83,93098642.69600001,-12049374.010000005,3070.2179945113558,2970.533667856276,3071.4552295227327,3028.614477047615,-100.92156166645645,,,,,,,,,,,,,,,,,,,,,,,,,,,,,,
2026-01-31,,,,,,,,,,,,,,,,Tech,,,,,,,,,,,,,,,,,,,,,,,,,,88667724.2336001,86461307.64,95880999.82,91935925.51072003,-9419692.179999992,3068.3012886962547,3070.2179945113558,2970.533667856276,3029.275818898804,99.68432665507953,,,,,,,,,,,,,,,,,,,,,,,,,,,,,,
2026-02-28,,,,,,,,,,,,,,,,Tech,,,,,,,,,,,,,,,,,,,,,,,,,,80928438.32416195,88667724.2336001,86461307.64,91973768.76955241,2206416.5936000943,2773.726059890917,3068.3012886962547,3070.2179945113558,2990.8468480955075,-1.9167058151010679,,,,,,,,,,,,,,,,,,,,,,,,,,,,,,
2026-03-31,,,,,,,,,,,,,,,,Tech,,,,,,,,,,,,,,,,,,,,,,,,,,91078261.21261881,80928438.32416195,88667724.2336001,88603346.24607618,-7739285.909438148,3072.4481210000686,2773.726059890917,3068.3012886962547,2991.045426390974,-294.5752288053377,,,,,,,,,,,,,,,,,,,,,,,,,,,,,,
2026-04-30,,,,,,,,,,,,,,,,Tech,,,,,,,,,,,,,,,,,,,,,,,,,,97689529.69594392,91078261.21261881,80928438.32416195,88965052.22126496,10149822.888456866,2969.3965358269825,3072.4481210000686,2773.726059890917,2990.8179999851154,298.7220611091516,,,,,,,,,,,,,,,,,,,,,,,,,,,,,,
2026-05-31,,,,,,,,,,,,,,,,Tech,,,,,,,,,,,,,,,,,,,,,,,,,,95241826.86784773,97689529.69594392,91078261.21261881,90721156.06683451,6611268.483325109,3071.4099450205244,2969.3965358269825,3072.4481210000686,2991.0563900869497,-103.0515851730861,,,,,,,,,,,,,,,,,,,,,,,,,,,,,,
2026-06-30,,,,,,,,,,,,,,,,Tech,,,,,,,,,,,,,,,,,,,,,,,,,,97040850.81128514,95241826.86784773,97689529.69594392,92395781.38237152,-2447702.828096196,2971.102510311605,3071.4099450205244,2969.3965358269825,2971.6166344100193,102.01340919354197,,,,,,,,,,,,,,,,,,,,,,,,,,,,,,
2026-07-31,,,,,,,,,,,,,,,,Tech,,,,,,,,,,,,,,,,,,,,,,,,,,97495167.46015692,97040850.81128514,95241826.86784773,95709127.2095705,1799023.9434374124,3069.0429612473527,2971.102510311605,3071.4099450205244,3030.6800146813066,-100.30743470891957,,,,,,,,,,,,,,,,,,,,,,,,,,,,,,
2026-08-31,,,,,,,,,,,,,,,,Tech,,,,,,,,,,,,,,,,,,,,,,,,,,85670445.87842278,97495167.46015692,97040850.81128514,94627564.14273128,454316.64887177944,3070.1653422121426,3069.0429612473527,2971.102510311605,3030.223458923721,97.94045093574778,,,,,,,,,,,,,,,,,,,,,,,,,,,,,,
2026-09-30,,,,,,,,,,,,,,,,Tech,,,,,,,,,,,,,,,,,,,,,,,,,,84195275.67244808,85670445.87842278,97495167.46015692,91928713.33803213,-11824721.581734136,2967.4433283023923,3070.1653422121426,3069.0429612473527,3029.8328174188036,1.1223809647899543,,,,,,,,,,,,,,,,,,,,,,,,,,,,,,
2026-10-31,,,,,,,,,,,,,,,,Tech,,,,,,,,,,,,,,,,,,,,,,,,,,91605496.28317486,84195275.67244808,85670445.87842278,91201447.22109756,-1475170.205974698,3070.838035672307,2967.4433283023923,3070.1653422121426,3029.71843554916,-102.72201390975033,,,,,,,,,,,,,,,,,,,,,,,,,,,,,,
2026-11-30,,,,,,,,,,,,,,,,Tech,,,,,,,,,,,,,,,,,,,,,,,,,,90397099.35238856,91605496.28317486,84195275.67244808,89872696.92931823,7410220.610726774,2971.407447804841,3070.838035672307,2967.4433283023923,3029.779423047807,103.39470736991461,,,,,,,,,,,,,,,,,,,,,,,,,,,,,,
2026-12-31,,,,,,,,,,,,,,,,Tech,,,,,,,,,,,,,,,,,,,,,,,,,,98905292.97062337,90397099.35238856,91605496.28317486,90154722.03141153,-1208396.9307862967,3071.135307759461,2971.407447804841,3070.838035672307,3030.197892350229,-99.43058786746587,,,,,,,,,,,,,,,,,,,,,,,,,,,,,,
2027-01-31,,,,,,,,,,,,,,,,Tech,,,,,,,,,,,,,,,,,,,,,,,,,,95172795.74264741,98905292.97062337,90397099.35238856,92055192.00425646,8508193.618234813,3066.843668272711,3071.135307759461,2971.407447804841,3029.533557562342,99.72785995461982,,,,,,,,,,,,,,,,,,,,,,,,,,,,,,
2027-02-28,,,,,,,,,,,,,,,,Tech,,,,,,,,,,,,,,,,,,,,,,,,,,78448008.56815375,95172795.74264741,98905292.97062337,90905738.5833976,-3732497.2279759645,2768.9119292240966,3066.843668272711,3071.135307759461,2989.827277746683,-4.291639486749773,,,,,,,,,,,,,,,,,,,,,,,,,,,,,,
2027-03-31,,,,,,,,,,,,,,,,Tech,,,,,,,,,,,,,,,,,,,,,,,,,,102737947.32172759,78448008.56815375,95172795.74264741,93132228.79110813,-16724787.174493656,3066.5614666289466,2768.9119292240966,3066.843668272711,2988.9719639380114,-297.9317390486144,,,,,,,,,,,,,,,,,,,,,,,,,,,,,,
2027-04-30,,,,,,,,,,,,,,,,Tech,,,,,,,,,,,,,,,,,,,,,,,,,,92916734.34263948,102737947.32172759,78448008.56815375,93636155.78915831,24289938.753573835,2972.079451775722,3066.5614666289466,2768.9119292240966,2989.1063647321876,297.64953740485,,,,,,,,,,,,,,,,,,,,,,,,,,,,,,
2027-05-31,,,,,,,,,,,,,,,,Tech,,,,,,,,,,,,,,,,,,,,,,,,,,84165694.46994945,92916734.34263948,102737947.32172759,90688236.08902355,-9821212.979088113,3065.7301316444828,2972.079451775722,3066.5614666289466,2988.025329509192,-94.48201485322443,,,,,,,,,,,,,,,,,,,,,,,,,,,,,,
2027-06-30,,,,,,,,,,,,,,,,Tech,,,,,,,,,,,,,,,,,,,,,,,,,,97828737.61733484,84165694.46994945,92916734.34263948,91219424.46396104,-8751039.872690022,2967.8631188036998,3065.7301316444828,2972.079451775722,2968.2292196153894,93.65067986876056,,,,,,,,,,,,,,,,,,,,,,,,,,,,,,
2027-07-31,,,,,,,,,,,,,,,,Tech,,,,,,,,,,,,,,,,,,,,,,,,,,98542347.87394364,97828737.61733484,84165694.46994945,95238292.325119,13663043.147385389,3070.5037080431216,2967.8631188036998,3065.7301316444828,3028.5475753791948,-97.86701284078299,,,,,,,,,,,,,,,,,,,,,,,,,,,,,,
2027-08-31,,,,,,,,,,,,,,,,Tech,,,,,,,,,,,,,,,,,,,,,,,,,,83770224.6784133,98542347.87394364,97828737.61733484,91444747.79645614,713610.2566087991,3067.0813170512565,3070.5037080431216,2967.8631188036998,3028.6515454636565,102.64058923942184,,,,,,,,,,,,,,,,,,,,,,,,,,,,,,
2027-09-30,,,,,,,,,,,,,,,,Tech,,,,,,,,,,,,,,,,,,,,,,,,,,95389307.469033,83770224.6784133,98542347.87394364,91939262.42173484,-14772123.19553034,2967.6752902878766,3067.0813170512565,3070.5037080431216,3027.7707131660873,-3.422390991865086,,,,,,,,,,,,,,,,,,,,,,,,,,,,,,
2027-10-31,,,,,,,,,,,,,,,,Tech,,,,,,,,,,,,,,,,,,,,,,,,,,102601399.99466611,95389307.469033,83770224.6784133,95626403.52667817,11619082.790619701,3067.9869567063397,2967.6752902878766,3067.0813170512565,3028.222078178459,-99.40602676337994,,,,,,,,,,,,,,,,,,,,,,,,,,,,,,
2027-11-30,,,,,,,,,,,,,,,,Tech,,,,,,,,,,,,,,,,,,,,,,,,,,98702940.11419925,102601399.99466611,95389307.469033,95801244.02605107,7212092.525633112,2970.9087585399798,3067.9869567063397,2967.6752902878766,3028.8312061257147,100.31166641846312,,,,,,,,,,,,,,,,,,,,,,,,,,,,,,
2027-12-31,,,,,,,,,,,,,,,,Tech,,,,,,,,,,,,,,,,,,,,,,,,,,98120207.29775003,98702940.11419925,102601399.99466611,95716815.91081233,-3898459.8804668635,3070.3515250767396,2970.9087585399798,3067.9869567063397,3028.8007695324386,-97.07819816635993,,,,,,,,,,,,,,,,,,,,,,,,,,,,,,
2028-01-31,,,,,,,,,,,,,,,,Tech,,,,,,,,,,,,,,,,,,,,,,,,,,97776648.10497284,98120207.29775003,98702940.11419925,98518100.59612425,-582732.816449225,3069.095493231204,3070.3515250767396,2970.9087585399798,3029.203604768428,99.44276653675979,,,,,,,,,,,,,,,,,,,,,,,,,,,,,,
2028-02-29,,,,,,,,,,,,,,,,Tech,,,,,,,,,,,,,,,,,,,,,,,,,,83488052.67437404,97776648.10497284,98120207.29775003,96137849.63719246,-343559.19277718663,2870.8520427443013,3069.095493231204,3070.3515250767396,3009.8389552597127,-1.2560318455357447,,,,,,,,,,,,,,,,,,,,,,,,,,,,,,
2028-03-31,,,,,,,,,,,,,,,,Tech,,,,,,,,,,,,,,,,,,,,,,,,,,84458245.26232077,83488052.67437404,97776648.10497284,92509218.69072339,-14288595.430598795,3069.1397768119164,2870.8520427443013,3069.095493231204,3010.069519280828,-198.24345048690247,,,,,,,,,,,,,,,,,,,,,,,,,,,,,,
2028-04-30,,,,,,,,,,,,,,,,Tech,,,,,,,,,,,,,,,,,,,,,,,,,,89113470.34544668,84458245.26232077,83488052.67437404,90591324.73697287,970192.5879467279,2970.6860626111047,3069.1397768119164,2870.8520427443013,3010.0249800950533,198.28773406761502,,,,,,,,,,,,,,,,,,,,,,,,,,,,,,
2028-05-31,,,,,,,,,,,,,,,,Tech,,,,,,,,,,,,,,,,,,,,,,,,,,99288505.76336855,89113470.34544668,84458245.26232077,90824984.43009657,4655225.083125904,3065.9776845051456,2970.6860626111047,3069.1397768119164,3009.1502119807346,-98.45371420081165,,,,,,,,,,,,,,,,,,,,,,,,,,,,,,
2028-06-30,,,,,,,,,,,,,,,,Tech,,,,,,,,,,,,,,,,,,,,,,,,,,91338729.4625777,99288505.76336855,89113470.34544668,89537400.70161755,10175035.417921871,2970.641577987089,3065.9776845051456,2970.6860626111047,2989.4594289319116,95.29162189404087,,,,,,,,,,,,,,,,,,,,,,,,,,,,,,
2028-07-31,,,,,,,,,,,,,,,,Tech,,,,,,,,,,,,,,,,,,,,,,,,,,93793448.9015466,91338729.4625777,99288505.76336855,91598479.94705205,-7949776.300790846,3068.791433155903,2970.641577987089,3065.9776845051456,3029.0473070142316,-95.33610651805657,,,,,,,,,,,,,,,,,,,,,,,,,,,,,,
2028-08-31,,,,,,,,,,,,,,,,Tech,,,,,,,,,,,,,,,,,,,,,,,,,,84667932.64925714,93793448.9015466,91338729.4625777,91640417.42443934,2454719.438968897,3066.742833080551,3068.791433155903,2970.641577987089,3028.5679182679587,98.14985516881416,,,,,,,,,,,,,,,,,,,,,,,,,,,,,,
2028-09-30,,,,,,,,,,,,,,,,Tech,,,,,,,,,,,,,,,,,,,,,,,,,,87286821.24089807,84667932.64925714,93793448.9015466,91275087.60352962,-9125516.25228946,2969.497190912718,3066.742833080551,3068.791433155903,3028.3301439282814,-2.0486000753521694,,,,,,,,,,,,,,,,,,,,,,,,,,,,,,
2028-10-31,,,,,,,,,,,,,,,,Tech,,,,,,,,,,,,,,,,,,,,,,,,,,94079469.8008799,87286821.24089807,84667932.64925714,90233280.41103189,2618888.5916409343,3067.482618896579,2969.497190912718,3066.742833080551,3028.631130806568,-97.24564216783301,,,,,,,,,,,,,,,,,,,,,,,,,,,,,,
2028-11-30,,,,,,,,,,,,,,,,Tech,,,,,,,,,,,,,,,,,,,,,,,,,,106999223.00913899,94079469.8008799,87286821.24089807,93365379.12034413,6792648.559981823,2969.9672232077833,3067.482618896579,2969.497190912718,3028.496259850707,97.98542798386097,,,,,,,,,,,,,,,,,,,,,,,,,,,,,,
2028-12-31,,,,,,,,,,,,,,,,Tech,,,,,,,,,,,,,,,,,,,,,,,,,,96032902.67332312,106999223.00913899,94079469.8008799,93813269.87469944,12919753.20825909,2969.189346701579,2969.9672232077833,3067.482618896579,3008.575842559842,-97.5153956887957,,,,,,,,,,,,,,,,,,,,,,,,,,,,,,
2025-05-31,,,,,,,,,,,,,,,,Product,,,,,,,,,,,,,,,,,,,,,,,,,,,,,,,,,,,,202366190.73,198359824.76,196147882.4,200341578.66599998,2211942.3599999845,1303.9,1048.15,1250.96,1179.264,-202.80999999999995,,,,,,,,,,,,,,,,,,,,
2025-06-30,,,,,,,,,,,,,,,,Product,,,,,,,,,,,,,,,,,,,,,,,,,,,,,,,,,,,,201062098.96,202366190.73,198359824.76,197210685.968,4006365.969999999,1230.4,1303.9,1048.15,1197.828,255.75,,,,,,,,,,,,,,,,,,,,
2025-07-31,,,,,,,,,,,,,,,,Product,,,,,,,,,,,,,,,,,,,,,,,,,,,,,,,,,,,,219613751.91,201062098.96,202366190.73,203509949.752,-1304091.769999981,1209.25,1230.4,1303.9,1208.532,-73.5,,,,,,,,,,,,,,,,,,,,
2025-08-31,,,,,,,,,,,,,,,,Product,,,,,,,,,,,,,,,,,,,,,,,,,,,,,,,,,,,,231431762.67,219613751.91,201062098.96,210566725.806,18551652.949999988,1166.07,1209.25,1230.4,1191.554,-21.15000000000009,,,,,,,,,,,,,,,,,,,,
2025-09-30,,,,,,,,,,,,,,,,Product,,,,,,,,,,,,,,,,,,,,,,,,,,,,,,,,,,,,197828506.34,231431762.67,219613751.91,210460462.12199998,11818010.75999999,1138.46,1166.07,1209.25,1209.616,-43.180000000000064,,,,,,,,,,,,,,,,,,,,
2025-10-31,,,,,,,,,,,,,,,,Product,,,,,,,,,,,,,,,,,,,,,,,,,,,,,,,,,,,,237108043.07999998,197828506.34,231431762.67,217408832.592,-33603256.32999998,1274.32,1138.46,1166.07,1203.7,-27.6099999999999,,,,,,,,,,,,,,,,,,,,
2025-11-30,,,,,,,,,,,,,,,,Product,,,,,,,,,,,,,,,,,,,,,,,,,,,,,,,,,,,,239822690.25,237108043.07999998,197828506.34,225160950.85,39279536.73999998,1214.81,1274.32,1138.46,1200.5819999999999,135.8599999999999,,,,,,,,,,,,,,,,,,,,
2025-12-31,,,,,,,,,,,,,,,,Product,,,,,,,,,,,,,,,,,,,,,,,,,,,,,,,,,,,,198024515.98,239822690.25,237108043.07999998,220843103.66399997,2714647.1700000167,1197.65,1214.81,1274.32,1198.262,-59.50999999999999,,,,,,,,,,,,,,,,,,,,
2026-01-31,,,,,,,,,,,,,,,,Product,,,,,,,,,,,,,,,,,,,,,,,,,,,,,,,,,,,,205955265.26296082,198024515.98,239822690.25,215747804.18259215,-41798174.27000001,1243.1569672060878,1197.65,1214.81,1213.6793934412176,-17.159999999999854,,,,,,,,,,,,,,,,,,,,
2026-02-28,,,,,,,,,,,,,,,,Product,,,,,,,,,,,,,,,,,,,,,,,,,,,,,,,,,,,,211780344.2008292,205955265.26296082,198024515.98,218538171.75475803,7930749.282960832,1130.7773703387322,1243.1569672060878,1197.65,1212.1428675089642,45.506967206087666,,,,,,,,,,,,,,,,,,,,
2026-03-31,,,,,,,,,,,,,,,,Product,,,,,,,,,,,,,,,,,,,,,,,,,,,,,,,,,,,,245804511.43053278,211780344.2008292,205955265.26296082,220277465.4248646,5825078.9378683865,1298.9987217115176,1130.7773703387322,1243.1569672060878,1217.0786118512674,-112.37959686735553,,,,,,,,,,,,,,,,,,,,
2026-04-30,,,,,,,,,,,,,,,,Product,,,,,,,,,,,,,,,,,,,,,,,,,,,,,,,,,,,,206063704.42142054,245804511.43053278,211780344.2008292,213525668.25914866,34024167.229703575,1117.674335406105,1298.9987217115176,1130.7773703387322,1197.6514789324885,168.22135137278542,,,,,,,,,,,,,,,,,,,,
2026-05-31,,,,,,,,,,,,,,,,Product,,,,,,,,,,,,,,,,,,,,,,,,,,,,,,,,,,,,196735687.04397044,206063704.42142054,245804511.43053278,213267902.47194275,-39740807.00911224,1168.1618429911218,1117.674335406105,1298.9987217115176,1191.7538475307128,-181.32438630541265,,,,,,,,,,,,,,,,,,,,
2026-06-30,,,,,,,,,,,,,,,,Product,,,,,,,,,,,,,,,,,,,,,,,,,,,,,,,,,,,,193549122.81628788,196735687.04397044,206063704.42142054,210786673.98260817,-9328017.377450109,1141.7605201783822,1168.1618429911218,1117.674335406105,1171.4745581251716,50.48750758501683,,,,,,,,,,,,,,,,,,,,
2026-07-31,,,,,,,,,,,,,,,,Product,,,,,,,,,,,,,,,,,,,,,,,,,,,,,,,,,,,,190504320.6402932,193549122.81628788,196735687.04397044,206531469.27050096,-3186564.2276825607,1245.2643909264073,1141.7605201783822,1168.1618429911218,1194.3719622427066,-26.401322812739636,,,,,,,,,,,,,,,,,,,,
2026-08-31,,,,,,,,,,,,,,,,Product,,,,,,,,,,,,,,,,,,,,,,,,,,,,,,,,,,,,205714339.32850552,190504320.6402932,193549122.81628788,198513434.8500955,-3044802.1759946644,1190.639983654227,1245.2643909264073,1141.7605201783822,1172.7002146312486,103.50387074802507,,,,,,,,,,,,,,,,,,,,
2026-09-30,,,,,,,,,,,,,,,,Product,,,,,,,,,,,,,,,,,,,,,,,,,,,,,,,,,,,,209255130.50962472,205714339.32850552,190504320.6402932,199151720.06773633,15210018.688212305,1232.8718311944522,1190.639983654227,1245.2643909264073,1195.7397137889182,-54.62440727218018,,,,,,,,,,,,,,,,,,,,
2026-10-31,,,,,,,,,,,,,,,,Product,,,,,,,,,,,,,,,,,,,,,,,,,,,,,,,,,,,,222442867.45118514,209255130.50962472,205714339.32850552,204293156.14917928,3540791.1811192036,1207.5502862375304,1232.8718311944522,1190.639983654227,1203.6174024381999,42.23184754022509,,,,,,,,,,,,,,,,,,,,
2026-11-30,,,,,,,,,,,,,,,,Product,,,,,,,,,,,,,,,,,,,,,,,,,,,,,,,,,,,,216808936.72864163,222442867.45118514,209255130.50962472,208945118.93165004,13187736.941560417,1225.3029577014506,1207.5502862375304,1232.8718311944522,1220.3258899428135,-25.321544956921798,,,,,,,,,,,,,,,,,,,,
2026-12-31,,,,,,,,,,,,,,,,Product,,,,,,,,,,,,,,,,,,,,,,,,,,,,,,,,,,,,199060050.77648833,216808936.72864163,222442867.45118514,210656264.95888907,-5633930.722543508,1182.122204162434,1225.3029577014506,1207.5502862375304,1207.6974525900187,17.75267146392025,,,,,,,,,,,,,,,,,,,,
2027-01-31,,,,,,,,,,,,,,,,Product,,,,,,,,,,,,,,,,,,,,,,,,,,,,,,,,,,,,225990684.2123281,199060050.77648833,216808936.72864163,214711533.93565357,-17748885.952153295,1297.4010665969838,1182.122204162434,1225.3029577014506,1229.0496691785702,-43.18075353901668,,,,,,,,,,,,,,,,,,,,
2027-02-28,,,,,,,,,,,,,,,,Product,,,,,,,,,,,,,,,,,,,,,,,,,,,,,,,,,,,,189056997.28575656,225990684.2123281,199060050.77648833,210671907.29087996,26930633.435839772,1100.7035667911628,1297.4010665969838,1182.122204162434,1202.6160162979122,115.27886243454986,,,,,,,,,,,,,,,,,,,,
2027-03-31,,,,,,,,,,,,,,,,Product,,,,,,,,,,,,,,,,,,,,,,,,,,,,,,,,,,,,211436333.51948023,189056997.28575656,225990684.2123281,208470600.50453895,-36933686.92657155,1091.9057852431717,1100.7035667911628,1297.4010665969838,1179.4871160990406,-196.69749980582105,,,,,,,,,,,,,,,,,,,,
2027-04-30,,,,,,,,,,,,,,,,Product,,,,,,,,,,,,,,,,,,,,,,,,,,,,,,,,,,,,226278693.88785532,211436333.51948023,189056997.28575656,210364551.9363817,22379336.23372367,1148.3826412489425,1091.9057852431717,1100.7035667911628,1164.103052808539,-8.797781547991008,,,,,,,,,,,,,,,,,,,,
2027-05-31,,,,,,,,,,,,,,,,Product,,,,,,,,,,,,,,,,,,,,,,,,,,,,,,,,,,,,224365723.78404456,226278693.88785532,211436333.51948023,215425686.53789297,14842360.368375093,1200.1036775457746,1148.3826412489425,1091.9057852431717,1167.6993474852072,56.47685600577074,,,,,,,,,,,,,,,,,,,,
2027-06-30,,,,,,,,,,,,,,,,Product,,,,,,,,,,,,,,,,,,,,,,,,,,,,,,,,,,,,212974468.97484767,224365723.78404456,226278693.88785532,212822443.4903969,-1912970.1038107574,1075.84678247855,1200.1036775457746,1148.3826412489425,1123.3884906615203,51.72103629683215,,,,,,,,,,,,,,,,,,,,
2027-07-31,,,,,,,,,,,,,,,,Product,,,,,,,,,,,,,,,,,,,,,,,,,,,,,,,,,,,,218380329.256363,212974468.97484767,224365723.78404456,218687109.88451815,-11391254.80919689,1126.2401501161837,1075.84678247855,1200.1036775457746,1128.4958073265248,-124.2568950672246,,,,,,,,,,,,,,,,,,,,
2027-08-31,,,,,,,,,,,,,,,,Product,,,,,,,,,,,,,,,,,,,,,,,,,,,,,,,,,,,,217298941.8041175,218380329.256363,212974468.97484767,219859631.54144564,5405860.28151533,1129.7618626144224,1126.2401501161837,1075.84678247855,1136.0670228007746,50.39336763763367,,,,,,,,,,,,,,,,,,,,
2027-09-30,,,,,,,,,,,,,,,,Product,,,,,,,,,,,,,,,,,,,,,,,,,,,,,,,,,,,,232487183.2904502,217298941.8041175,218380329.256363,221101329.4219646,-1081387.4522455037,1084.0815414425035,1129.7618626144224,1126.2401501161837,1123.2068028394867,3.521712498238685,,,,,,,,,,,,,,,,,,,,
2027-10-31,,,,,,,,,,,,,,,,Product,,,,,,,,,,,,,,,,,,,,,,,,,,,,,,,,,,,,215776833.60916257,232487183.2904502,217298941.8041175,219383551.38698816,15188241.486332685,1095.1455019873986,1084.0815414425035,1129.7618626144224,1102.2151677278116,-45.68032117191888,,,,,,,,,,,,,,,,,,,,
2027-11-30,,,,,,,,,,,,,,,,Product,,,,,,,,,,,,,,,,,,,,,,,,,,,,,,,,,,,,223156888.87646362,215776833.60916257,232487183.2904502,221420035.3673114,-16710349.681287616,1233.4684060510592,1095.1455019873986,1084.0815414425035,1133.7394924423133,11.063960544895053,,,,,,,,,,,,,,,,,,,,
2027-12-31,,,,,,,,,,,,,,,,Product,,,,,,,,,,,,,,,,,,,,,,,,,,,,,,,,,,,,197177221.0401776,223156888.87646362,215776833.60916257,217179413.7240743,7380055.267301053,1149.6368735549797,1233.4684060510592,1095.1455019873986,1138.4188371300727,138.32290406366064,,,,,,,,,,,,,,,,,,,,
2028-01-31,,,,,,,,,,,,,,,,Product,,,,,,,,,,,,,,,,,,,,,,,,,,,,,,,,,,,,232289715.23194745,197177221.0401776,223156888.87646362,220177568.4096403,-25979667.83628601,1225.1638135206213,1149.6368735549797,1233.4684060510592,1157.4992273113126,-83.83153249607949,,,,,,,,,,,,,,,,,,,,
2028-02-29,,,,,,,,,,,,,,,,Product,,,,,,,,,,,,,,,,,,,,,,,,,,,,,,,,,,,,235889043.8508022,232289715.23194745,197177221.0401776,220857940.5217107,35112494.19176984,1209.8949586674735,1225.1638135206213,1149.6368735549797,1182.6619107563065,75.52693996564153,,,,,,,,,,,,,,,,,,,,
2028-03-31,,,,,,,,,,,,,,,,Product,,,,,,,,,,,,,,,,,,,,,,,,,,,,,,,,,,,,206523750.73376697,235889043.8508022,232289715.23194745,219007323.94663158,3599328.618854761,1122.7902239237155,1209.8949586674735,1225.1638135206213,1188.19085514357,-15.268854853147786,,,,,,,,,,,,,,,,,,,,
2028-04-30,,,,,,,,,,,,,,,,Product,,,,,,,,,,,,,,,,,,,,,,,,,,,,,,,,,,,,200142612.0180925,206523750.73376697,235889043.8508022,214404468.57495734,-29365293.11703524,1203.5171901058793,1122.7902239237155,1209.8949586674735,1182.200611954534,-87.10473474375794,,,,,,,,,,,,,,,,,,,,
2028-05-31,,,,,,,,,,,,,,,,Product,,,,,,,,,,,,,,,,,,,,,,,,,,,,,,,,,,,,197902242.87067068,200142612.0180925,206523750.73376697,214549472.94105595,-6381138.71567446,1234.748304314605,1203.5171901058793,1122.7902239237155,1199.2228981064588,80.72696618216378,,,,,,,,,,,,,,,,,,,,
2028-06-30,,,,,,,,,,,,,,,,Product,,,,,,,,,,,,,,,,,,,,,,,,,,,,,,,,,,,,193442156.78177404,197902242.87067068,200142612.0180925,206779961.2510213,-2240369.147421837,1157.2925705699654,1234.748304314605,1203.5171901058793,1185.6486495163276,31.231114208725785,,,,,,,,,,,,,,,,,,,,
2028-07-31,,,,,,,,,,,,,,,,Product,,,,,,,,,,,,,,,,,,,,,,,,,,,,,,,,,,,,208915560.6226068,193442156.78177404,197902242.87067068,201385264.6053822,-4460086.088896632,1280.6861480051625,1157.2925705699654,1234.748304314605,1199.8068873838656,-77.4557337446397,,,,,,,,,,,,,,,,,,,,
2028-08-31,,,,,,,,,,,,,,,,Product,,,,,,,,,,,,,,,,,,,,,,,,,,,,,,,,,,,,216132582.45749342,208915560.6226068,193442156.78177404,203307030.95012748,15473403.84083277,1128.2273944444146,1280.6861480051625,1157.2925705699654,1200.8943214880053,123.39357743519713,,,,,,,,,,,,,,,,,,,,
2028-09-30,,,,,,,,,,,,,,,,Product,,,,,,,,,,,,,,,,,,,,,,,,,,,,,,,,,,,,216179559.1164662,216132582.45749342,208915560.6226068,206514420.36980224,7217021.8348866105,1125.109207170906,1128.2273944444146,1280.6861480051625,1185.2127249010107,-152.45875356074794,,,,,,,,,,,,,,,,,,,,
2028-10-31,,,,,,,,,,,,,,,,Product,,,,,,,,,,,,,,,,,,,,,,,,,,,,,,,,,,,,175956071.35242835,216179559.1164662,216132582.45749342,202125186.06615376,46976.658972769976,1185.1531307554628,1125.109207170906,1128.2273944444146,1175.2936901891821,-3.1181872735085108,,,,,,,,,,,,,,,,,,,,
2028-11-30,,,,,,,,,,,,,,,,Product,,,,,,,,,,,,,,,,,,,,,,,,,,,,,,,,,,,,211936274.01108864,175956071.35242835,216179559.1164662,205824009.51201668,-40223487.76403785,1133.0901544350825,1185.1531307554628,1125.109207170906,1170.4532069622057,60.04392358455675,,,,,,,,,,,,,,,,,,,,
2028-12-31,,,,,,,,,,,,,,,,Product,,,,,,,,,,,,,,,,,,,,,,,,,,,,,,,,,,,,179863100.88066193,211936274.01108864,175956071.35242835,200013517.56362772,35980202.65866029,1144.1415519178179,1133.0901544350825,1185.1531307554628,1143.1442877447369,-52.06297632038036,,,,,,,,,,,,,,,,,,,,
2025-04-30,,,,,,,,,,,,,,,,Marketing,,,,,,,,,,,,,,,,,,,,,,,,,,,,,,,,,,,,,,,,,,,,,,152452470.45,168726323.94,149603360.79,157226808.2225,19122963.150000006,601.69,648.43,555.22,604.5,93.20999999999992,,,,,,,,,,
2025-05-31,,,,,,,,,,,,,,,,Marketing,,,,,,,,,,,,,,,,,,,,,,,,,,,,,,,,,,,,,,,,,,,,,,165051391.31,152452470.45,168726323.94,158958386.6225,-16273853.49000001,590.91,601.69,648.43,599.0625,-46.739999999999895,,,,,,,,,,
2025-06-30,,,,,,,,,,,,,,,,Marketing,,,,,,,,,,,,,,,,,,,,,,,,,,,,,,,,,,,,,,,,,,,,,,167965744.6,165051391.31,152452470.45,163548982.575,12598920.860000014,611.69,590.91,601.69,613.18,-10.780000000000086,,,,,,,,,,
2025-07-31,,,,,,,,,,,,,,,,Marketing,,,,,,,,,,,,,,,,,,,,,,,,,,,,,,,,,,,,,,,,,,,,,,162056253.82,167965744.6,165051391.31,161881465.045,2914353.2899999917,669.94,611.69,590.91,618.5575,20.780000000000086,,,,,,,,,,
2025-08-31,,,,,,,,,,,,,,,,Marketing,,,,,,,,,,,,,,,,,,,,,,,,,,,,,,,,,,,,,,,,,,,,,,148899390.03,162056253.82,167965744.6,160993194.94,-5909490.780000001,569.51,669.94,611.69,610.5125,58.25,,,,,,,,,,
2025-09-30,,,,,,,,,,,,,,,,Marketing,,,,,,,,,,,,,,,,,,,,,,,,,,,,,,,,,,,,,,,,,,,,,,151208218.48,148899390.03,162056253.82,157532401.7325,-13156863.789999992,566.75,569.51,669.94,604.4725000000001,-100.43000000000006,,,,,,,,,,
2025-10-31,,,,,,,,,,,,,,,,Marketing,,,,,,,,,,,,,,,,,,,,,,,,,,,,,,,,,,,,,,,,,,,,,,157903165.72,151208218.48,148899390.03,155016757.0125,2308828.449999988,542.03,566.75,569.51,587.0575,-2.759999999999991,,,,,,,,,,
2025-11-30,,,,,,,,,,,,,,,,Marketing,,,,,,,,,,,,,,,,,,,,,,,,,,,,,,,,,,,,,,,,,,,,,,163018705.58,157903165.72,151208218.48,155257369.95250002,6694947.24000001,555.94,542.03,566.75,558.5575,-24.720000000000027,,,,,,,,,,
2025-12-31,,,,,,,,,,,,,,,,Marketing,,,,,,,,,,,,,,,,,,,,,,,,,,,,,,,,,,,,,,,,,,,,,,158476671.49,163018705.58,157903165.72,157651690.3175,5115539.860000014,598.4,555.94,542.03,565.78,13.910000000000082,,,,,,,,,,
2026-01-31,,,,,,,,,,,,,,,,Marketing,,,,,,,,,,,,,,,,,,,,,,,,,,,,,,,,,,,,,,,,,,,,,,153266555.8829599,158476671.49,163018705.58,158166274.66823998,-4542034.090000004,602.5407850199225,598.4,555.94,574.7276962549806,42.45999999999992,,,,,,,,,,
2026-02-28,,,,,,,,,,,,,,,,Marketing,,,,,,,,,,,,,,,,,,,,,,,,,,,,,,,,,,,,,,,,,,,,,,143378352.672395,153266555.8829599,158476671.49,154535071.40633872,-5210115.607040107,530.6472049339601,602.5407850199225,598.4,571.8819974884707,4.140785019922532,,,,,,,,,,
2026-03-31,,,,,,,,,,,,,,,,Marketing,,,,,,,,,,,,,,,,,,,,,,,,,,,,,,,,,,,,,,,,,,,,,,154021305.68543962,143378352.672395,153266555.8829599,152285721.4326986,-9888203.210564911,586.9680881596942,530.6472049339601,602.5407850199225,579.6390195283942,-71.89358008596241,,,,,,,,,,
2026-04-30,,,,,,,,,,,,,,,,Marketing,,,,,,,,,,,,,,,,,,,,,,,,,,,,,,,,,,,,,,,,,,,,,,170287502.28457308,154021305.68543962,143378352.672395,155238429.13134187,10642953.013044626,592.7653593417351,586.9680881596942,530.6472049339601,578.230359363828,56.320883225734065,,,,,,,,,,
2026-05-31,,,,,,,,,,,,,,,,Marketing,,,,,,,,,,,,,,,,,,,,,,,,,,,,,,,,,,,,,,,,,,,,,,153846134.69550604,170287502.28457308,154021305.68543962,155383323.83447844,16266196.599133462,558.1177883008825,592.7653593417351,586.9680881596942,567.1246101840679,5.797271182040959,,,,,,,,,,
2026-06-30,,,,,,,,,,,,,,,,Marketing,,,,,,,,,,,,,,,,,,,,,,,,,,,,,,,,,,,,,,,,,,,,,,173425429.16903952,153846134.69550604,170287502.28457308,162895092.95863956,-16441367.589067042,559.2756889773797,558.1177883008825,592.7653593417351,574.2817311949228,-34.647571040852654,,,,,,,,,,
2026-07-31,,,,,,,,,,,,,,,,Marketing,,,,,,,,,,,,,,,,,,,,,,,,,,,,,,,,,,,,,,,,,,,,,,170588704.700481,173425429.16903952,153846134.69550604,167036942.7123999,19579294.47353348,595.8744444882255,559.2756889773797,558.1177883008825,576.5083202770556,1.1579006764972064,,,,,,,,,,
2026-08-31,,,,,,,,,,,,,,,,Marketing,,,,,,,,,,,,,,,,,,,,,,,,,,,,,,,,,,,,,,,,,,,,,,156271392.35811034,170588704.700481,173425429.16903952,163532915.23078424,-2836724.46855852,606.9705804457465,595.8744444882255,559.2756889773797,580.0596255530586,36.598755510845876,,,,,,,,,,
2026-09-30,,,,,,,,,,,,,,,,Marketing,,,,,,,,,,,,,,,,,,,,,,,,,,,,,,,,,,,,,,,,,,,,,,136953816.9645337,156271392.35811034,170588704.700481,159309835.79804114,-14317312.34237066,584.829152059775,606.9705804457465,595.8744444882255,586.7374664927817,11.096135957520914,,,,,,,,,,
2026-10-31,,,,,,,,,,,,,,,,Marketing,,,,,,,,,,,,,,,,,,,,,,,,,,,,,,,,,,,,,,,,,,,,,,161319663.13427126,136953816.9645337,156271392.35811034,156283394.28934908,-19317575.39357665,576.6137714335752,584.829152059775,606.9705804457465,591.0719871068305,-22.141428385971494,,,,,,,,,,
2026-11-30,,,,,,,,,,,,,,,,Marketing,,,,,,,,,,,,,,,,,,,,,,,,,,,,,,,,,,,,,,,,,,,,,,139455629.64917815,161319663.13427126,136953816.9645337,148500125.52652335,24365846.169737577,620.8943461765737,576.6137714335752,584.829152059775,597.3269625289175,-8.215380626199817,,,,,,,,,,
2026-12-31,,,,,,,,,,,,,,,,Marketing,,,,,,,,,,,,,,,,,,,,,,,,,,,,,,,,,,,,,,,,,,,,,,183682733.66346884,139455629.64917815,161319663.13427126,155352960.85286298,-21864033.485093117,623.7702875568195,620.8943461765737,576.6137714335752,601.5268893066858,44.28057474299851,,,,,,,,,,
2027-01-31,,,,,,,,,,,,,,,,Marketing,,,,,,,,,,,,,,,,,,,,,,,,,,,,,,,,,,,,,,,,,,,,,,167863895.64565408,183682733.66346884,139455629.64917815,163080480.52314308,44227104.01429069,572.1046463577544,623.7702875568195,620.8943461765737,598.3457628811807,2.8759413802458766,,,,,,,,,,
2027-02-28,,,,,,,,,,,,,,,,Marketing,,,,,,,,,,,,,,,,,,,,,,,,,,,,,,,,,,,,,,,,,,,,,,169932427.18620855,167863895.64565408,183682733.66346884,165233671.5361274,-15818838.017814755,514.452815866392,572.1046463577544,623.7702875568195,582.8055239893849,-51.665641199065135,,,,,,,,,,
2027-03-31,,,,,,,,,,,,,,,,Marketing,,,,,,,,,,,,,,,,,,,,,,,,,,,,,,,,,,,,,,,,,,,,,,158279955.99325365,169932427.18620855,167863895.64565408,169939753.12214628,2068531.5405544639,647.6664143779699,514.452815866392,572.1046463577544,589.4985410397339,-57.651830491362375,,,,,,,,,,
2027-04-30,,,,,,,,,,,,,,,,Marketing,,,,,,,,,,,,,,,,,,,,,,,,,,,,,,,,,,,,,,,,,,,,,,150431882.05134907,158279955.99325365,169932427.18620855,161627040.21911633,-11652471.192954898,601.2189920748876,647.6664143779699,514.452815866392,583.8607171692511,133.21359851157786,,,,,,,,,,
2027-05-31,,,,,,,,,,,,,,,,Marketing,,,,,,,,,,,,,,,,,,,,,,,,,,,,,,,,,,,,,,,,,,,,,,169920474.98199427,150431882.05134907,158279955.99325365,162141185.05320138,-7848073.941904575,641.3030822910309,601.2189920748876,647.6664143779699,601.1603261525702,-46.44742230308225,,,,,,,,,,
2027-06-30,,,,,,,,,,,,,,,,Marketing,,,,,,,,,,,,,,,,,,,,,,,,,,,,,,,,,,,,,,,,,,,,,,142748978.80115166,169920474.98199427,150431882.05134907,155345322.95693716,19488592.930645198,552.076496274005,641.3030822910309,601.2189920748876,610.5662462544733,40.084090216143295,,,,,,,,,,
2027-07-31,,,,,,,,,,,,,,,,Marketing,,,,,,,,,,,,,,,,,,,,,,,,,,,,,,,,,,,,,,,,,,,,,,180949966.0690545,142748978.80115166,169920474.98199427,161012825.4758874,-27171496.18084261,591.9140169296622,552.076496274005,641.3030822910309,596.6281468923964,-89.22658601702597,,,,,,,,,,
2027-08-31,,,,,,,,,,,,,,,,Marketing,,,,,,,,,,,,,,,,,,,,,,,,,,,,,,,,,,,,,,,,,,,,,,193442262.83433977,180949966.0690545,142748978.80115166,171765420.67163506,38200987.26790285,542.1706299222323,591.9140169296622,552.076496274005,581.8660563542326,39.83752065565727,,,,,,,,,,
2027-09-30,,,,,,,,,,,,,,,,Marketing,,,,,,,,,,,,,,,,,,,,,,,,,,,,,,,,,,,,,,,,,,,,,,154744995.10818383,193442262.83433977,180949966.0690545,167971550.70318246,12492296.765285254,575.4076547745773,542.1706299222323,591.9140169296622,565.3921994751192,-49.74338700742999,,,,,,,,,,
2027-10-31,,,,,,,,,,,,,,,,Marketing,,,,,,,,,,,,,,,,,,,,,,,,,,,,,,,,,,,,,,,,,,,,,,146776912.13639385,154744995.10818383,193442262.83433977,168978534.036993,-38697267.72615594,545.0681125885447,575.4076547745773,542.1706299222323,563.6401035537541,33.23702485234503,,,,,,,,,,
2027-11-30,,,,,,,,,,,,,,,,Marketing,,,,,,,,,,,,,,,,,,,,,,,,,,,,,,,,,,,,,,,,,,,,,,184943055.86625895,146776912.13639385,154744995.10818383,169976806.4862941,-7968082.971789986,578.2856075061367,545.0681125885447,575.4076547745773,560.2330011978727,-30.33954218603253,,,,,,,,,,
2027-12-31,,,,,,,,,,,,,,,,Marketing,,,,,,,,,,,,,,,,,,,,,,,,,,,,,,,,,,,,,,,,,,,,,,155695585.3100216,184943055.86625895,146776912.13639385,160540137.10521457,38166143.729865104,580.5202890985811,578.2856075061367,545.0681125885447,569.8204159919599,33.21749491759192,,,,,,,,,,
2028-01-31,,,,,,,,,,,,,,,,Marketing,,,,,,,,,,,,,,,,,,,,,,,,,,,,,,,,,,,,,,,,,,,,,,165842459.96600142,155695585.3100216,184943055.86625895,163314503.31966895,-29247470.55623734,633.9934413313532,580.5202890985811,578.2856075061367,584.466862631154,2.234681592444417,,,,,,,,,,
2028-02-29,,,,,,,,,,,,,,,,Marketing,,,,,,,,,,,,,,,,,,,,,,,,,,,,,,,,,,,,,,,,,,,,,,159344083.18230534,165842459.96600142,155695585.3100216,166456296.08114684,10146874.655979812,595.762928758279,633.9934413313532,580.5202890985811,597.1405666735875,53.47315223277212,,,,,,,,,,
2028-03-31,,,,,,,,,,,,,,,,Marketing,,,,,,,,,,,,,,,,,,,,,,,,,,,,,,,,,,,,,,,,,,,,,,177767742.92934203,159344083.18230534,165842459.96600142,164662467.8469176,-6498376.783696085,612.3001376418624,595.762928758279,633.9934413313532,605.6441992075189,-38.23051257307418,,,,,,,,,,
2028-04-30,,,,,,,,,,,,,,,,Marketing,,,,,,,,,,,,,,,,,,,,,,,,,,,,,,,,,,,,,,,,,,,,,,156950944.58399105,177767742.92934203,159344083.18230534,164976307.66540995,18423659.747036695,565.9809597578839,612.3001376418624,595.762928758279,602.0093668723446,16.53720888358339,,,,,,,,,,
2028-05-31,,,,,,,,,,,,,,,,Marketing,,,,,,,,,,,,,,,,,,,,,,,,,,,,,,,,,,,,,,,,,,,,,,138616668.4518272,156950944.58399105,177767742.92934203,158169859.7868664,-20816798.34535098,620.2120950878242,565.9809597578839,612.3001376418624,598.5640303114624,-46.31917788397857,,,,,,,,,,
2028-06-30,,,,,,,,,,,,,,,,Marketing,,,,,,,,,,,,,,,,,,,,,,,,,,,,,,,,,,,,,,,,,,,,,,163005121.51992324,138616668.4518272,156950944.58399105,159085119.3712709,-18334276.132163852,543.921264743242,620.2120950878242,565.9809597578839,585.6036143077031,54.231135329940344,,,,,,,,,,
2028-07-31,,,,,,,,,,,,,,,,Marketing,,,,,,,,,,,,,,,,,,,,,,,,,,,,,,,,,,,,,,,,,,,,,,176365381.37938303,163005121.51992324,138616668.4518272,158734528.98378113,24388453.06809604,609.2885055192037,543.921264743242,620.2120950878242,584.8507062770384,-76.29083034458222,,,,,,,,,,
2028-08-31,,,,,,,,,,,,,,,,Marketing,,,,,,,,,,,,,,,,,,,,,,,,,,,,,,,,,,,,,,,,,,,,,,153601706.08226782,176365381.37938303,163005121.51992324,157897219.35835034,13360259.859459788,551.190574284874,609.2885055192037,543.921264743242,581.153109908786,65.3672407759617,,,,,,,,,,
2028-09-30,,,,,,,,,,,,,,,,Marketing,,,,,,,,,,,,,,,,,,,,,,,,,,,,,,,,,,,,,,,,,,,,,,157496559.78549153,153601706.08226782,176365381.37938303,162617192.1917664,-22763675.297115207,611.4744335434092,551.190574284874,609.2885055192037,578.9686945226822,-58.097931234329735,,,,,,,,,,
2028-10-31,,,,,,,,,,,,,,,,Marketing,,,,,,,,,,,,,,,,,,,,,,,,,,,,,,,,,,,,,,,,,,,,,,184739858.72777605,157496559.78549153,153601706.08226782,168050876.4937296,3894853.7032237053,635.3976333805689,611.4744335434092,551.190574284874,601.837786682014,60.283859258535244,,,,,,,,,,
2028-11-30,,,,,,,,,,,,,,,,Marketing,,,,,,,,,,,,,,,,,,,,,,,,,,,,,,,,,,,,,,,,,,,,,,151241376.859641,184739858.72777605,157496559.78549153,161769875.3637941,27243298.942284524,572.7780023131044,635.3976333805689,611.4744335434092,592.7101608804891,23.9231998371597,,,,,,,,,,
2028-12-31,,,,,,,,,,,,,,,,Marketing,,,,,,,,,,,,,,,,,,,,,,,,,,,,,,,,,,,,,,,,,,,,,,187936526.13715222,151241376.859641,184739858.72777605,170353580.3775152,-33498481.868135065,603.2539139002113,572.7780023131044,635.3976333805689,605.7259957843235,-62.619631067464525,,,,,,,,,,
2025-03-31,,,,,,,,,,,,,,,,Finance,,,,,,,,,,,,,,,,,,,,,,,,,,,,,,,,,,,,,,,,,,,,,,,,,,,,,,,,27603885.94,22583482.08,25295237.17,25160868.396666665,-2711755.0900000036,23.3589988572536,20.796135219316113,23.198580204657812,22.451238093742507,-2.402444985341699
2025-04-30,,,,,,,,,,,,,,,,Finance,,,,,,,,,,,,,,,,,,,,,,,,,,,,,,,,,,,,,,,,,,,,,,,,,,,,,,,,27283943.08,27603885.94,22583482.08,25823770.366666663,5020403.860000003,22.53543128886106,23.3589988572536,20.796135219316113,22.23018845514359,2.562863637937486
2025-05-31,,,,,,,,,,,,,,,,Finance,,,,,,,,,,,,,,,,,,,,,,,,,,,,,,,,,,,,,,,,,,,,,,,,,,,,,,,,25368152.68,27283943.08,27603885.94,26751993.900000002,-319942.86000000313,23.14375100622207,22.53543128886106,23.3589988572536,23.01272705077891,-0.8235675683925407
2025-06-30,,,,,,,,,,,,,,,,Finance,,,,,,,,,,,,,,,,,,,,,,,,,,,,,,,,,,,,,,,,,,,,,,,,,,,,,,,,26995967.29,25368152.68,27283943.08,26549354.349999998,-1915790.3999999985,22.520320938622163,23.14375100622207,22.53543128886106,22.73316774456843,0.6083197173610131
2025-07-31,,,,,,,,,,,,,,,,Finance,,,,,,,,,,,,,,,,,,,,,,,,,,,,,,,,,,,,,,,,,,,,,,,,,,,,,,,,27322164.29,26995967.29,25368152.68,26562094.753333334,1627814.6099999994,23.792547373307176,22.520320938622163,23.14375100622207,23.152206439383804,-0.6234300675999087
2025-08-31,,,,,,,,,,,,,,,,Finance,,,,,,,,,,,,,,,,,,,,,,,,,,,,,,,,,,,,,,,,,,,,,,,,,,,,,,,,23654966.5,27322164.29,26995967.29,25991032.69333333,326197.0,23.063340925325964,23.792547373307176,22.520320938622163,23.1254030790851,1.2722264346850132
2025-09-30,,,,,,,,,,,,,,,,Finance,,,,,,,,,,,,,,,,,,,,,,,,,,,,,,,,,,,,,,,,,,,,,,,,,,,,,,,,25880924.75,23654966.5,27322164.29,25619351.846666668,-3667197.789999999,22.347632726203,23.063340925325964,23.792547373307176,23.067840341612044,-0.7292064479812126
2025-10-31,,,,,,,,,,,,,,,,Finance,,,,,,,,,,,,,,,,,,,,,,,,,,,,,,,,,,,,,,,,,,,,,,,,,,,,,,,,24150245.82,25880924.75,23654966.5,24562045.689999998,2225958.25,23.05713255611632,22.347632726203,23.063340925325964,22.822702069215097,-0.7157081991229646
2025-11-30,,,,,,,,,,,,,,,,Finance,,,,,,,,,,,,,,,,,,,,,,,,,,,,,,,,,,,,,,,,,,,,,,,,,,,,,,,,22053115.02,24150245.82,25880924.75,24028095.19666667,-1730678.9299999997,22.473169121519373,23.05713255611632,22.347632726203,22.625978134612897,0.7094998299133195
2025-12-31,,,,,,,,,,,,,,,,Finance,,,,,,,,,,,,,,,,,,,,,,,,,,,,,,,,,,,,,,,,,,,,,,,,,,,,,,,,26681146.83,22053115.02,24150245.82,24294835.889999997,-2097130.8000000007,23.203653507940842,22.473169121519373,23.05713255611632,22.91131839519218,-0.5839634345969458
2026-01-31,,,,,,,,,,,,,,,,Finance,,,,,,,,,,,,,,,,,,,,,,,,,,,,,,,,,,,,,,,,,,,,,,,,,,,,,,,,26334061.936917633,26681146.83,22053115.02,25022774.59563921,4628031.809999999,23.244212739870278,23.203653507940842,22.473169121519373,22.973678456443498,0.7304843864214696
2026-02-28,,,,,,,,,,,,,,,,Finance,,,,,,,,,,,,,,,,,,,,,,,,,,,,,,,,,,,,,,,,,,,,,,,,,,,,,,,,23905781.58189768,26334061.936917633,26681146.83,25640330.116271768,-347084.8930823654,21.19319848753224,23.244212739870278,23.203653507940842,22.547021578447783,0.04055923192943567
2026-03-31,,,,,,,,,,,,,,,,Finance,,,,,,,,,,,,,,,,,,,,,,,,,,,,,,,,,,,,,,,,,,,,,,,,,,,,,,,,29433308.352373727,23905781.58189768,26334061.936917633,26557717.290396348,-2428280.355019953,23.657854298593026,21.19319848753224,23.244212739870278,22.698421841998513,-2.051014252338039
2026-04-30,,,,,,,,,,,,,,,,Finance,,,,,,,,,,,,,,,,,,,,,,,,,,,,,,,,,,,,,,,,,,,,,,,,,,,,,,,,26452894.75434996,29433308.352373727,23905781.58189768,26597328.229540456,5527526.770476047,22.5420210906268,23.657854298593026,21.19319848753224,22.46435795891735,2.464655811060787
2026-05-31,,,,,,,,,,,,,,,,Finance,,,,,,,,,,,,,,,,,,,,,,,,,,,,,,,,,,,,,,,,,,,,,,,,,,,,,,,,25552085.886515144,26452894.75434996,29433308.352373727,27146096.331079613,-2980413.5980237685,23.62309866326149,22.5420210906268,23.657854298593026,23.274324684160437,-1.1158332079662259
2026-06-30,,,,,,,,,,,,,,,,Finance,,,,,,,,,,,,,,,,,,,,,,,,,,,,,,,,,,,,,,,,,,,,,,,,,,,,,,,,21342643.878780536,25552085.886515144,26452894.75434996,24449208.17321521,-900808.8678348139,22.41096022983858,23.62309866326149,22.5420210906268,22.858693327908956,1.0810775726346904
2026-07-31,,,,,,,,,,,,,,,,Finance,,,,,,,,,,,,,,,,,,,,,,,,,,,,,,,,,,,,,,,,,,,,,,,,,,,,,,,,24877069.511575364,21342643.878780536,25552085.886515144,23923933.092290346,-4209442.007734608,23.093024058637987,22.41096022983858,23.62309866326149,23.042360983912687,-1.2121384334229113
2026-08-31,,,,,,,,,,,,,,,,Finance,,,,,,,,,,,,,,,,,,,,,,,,,,,,,,,,,,,,,,,,,,,,,,,,,,,,,,,,26865528.53241157,24877069.511575364,21342643.878780536,24361747.30758916,3534425.632794827,23.184239744302584,23.093024058637987,22.41096022983858,22.89607467759305,0.6820638287994072
2026-09-30,,,,,,,,,,,,,,,,Finance,,,,,,,,,,,,,,,,,,,,,,,,,,,,,,,,,,,,,,,,,,,,,,,,,,,,,,,,27059584.652480654,26865528.53241157,24877069.511575364,26267394.23215586,1988459.020836208,22.37944871656179,23.184239744302584,23.093024058637987,22.88557083983412,0.09121568566459715
2026-10-31,,,,,,,,,,,,,,,,Finance,,,,,,,,,,,,,,,,,,,,,,,,,,,,,,,,,,,,,,,,,,,,,,,,,,,,,,,,27337997.09389615,27059584.652480654,26865528.53241157,27087703.426262796,194056.12006908283,23.128371361225295,22.37944871656179,23.184239744302584,22.897353274029886,-0.8047910277407944
2026-11-30,,,,,,,,,,,,,,,,Finance,,,,,,,,,,,,,,,,,,,,,,,,,,,,,,,,,,,,,,,,,,,,,,,,,,,,,,,,25215056.590105847,27337997.09389615,27059584.652480654,26537546.11216088,278412.44141549617,22.472407059013932,23.128371361225295,22.37944871656179,22.660075712267005,0.7489226446635051
2026-12-31,,,,,,,,,,,,,,,,Finance,,,,,,,,,,,,,,,,,,,,,,,,,,,,,,,,,,,,,,,,,,,,,,,,,,,,,,,,25935062.53635988,25215056.590105847,27337997.09389615,26162705.40678729,-2122940.503790304,23.2548264508839,22.472407059013932,23.128371361225295,22.951868290374374,-0.6559643022113626
2027-01-31,,,,,,,,,,,,,,,,Finance,,,,,,,,,,,,,,,,,,,,,,,,,,,,,,,,,,,,,,,,,,,,,,,,,,,,,,,,29303121.33296818,25935062.53635988,25215056.590105847,26817746.819811303,720005.9462540336,23.145731467488464,23.2548264508839,22.472407059013932,22.9576549924621,0.7824193918699685
2027-02-28,,,,,,,,,,,,,,,,Finance,,,,,,,,,,,,,,,,,,,,,,,,,,,,,,,,,,,,,,,,,,,,,,,,,,,,,,,,22803199.790151615,29303121.33296818,25935062.53635988,26013794.553159893,3368058.796608299,21.003816668878923,23.145731467488464,23.2548264508839,22.468124862417095,-0.10909498339543688
2027-03-31,,,,,,,,,,,,,,,,Finance,,,,,,,,,,,,,,,,,,,,,,,,,,,,,,,,,,,,,,,,,,,,,,,,,,,,,,,,25817750.419901513,22803199.790151615,29303121.33296818,25974690.514340434,-6499921.542816564,23.211657148228706,21.003816668878923,23.145731467488464,22.453735094865365,-2.141914798609541
2027-04-30,,,,,,,,,,,,,,,,Finance,,,,,,,,,,,,,,,,,,,,,,,,,,,,,,,,,,,,,,,,,,,,,,,,,,,,,,,,26972726.295396972,25817750.419901513,22803199.790151615,25197892.168483365,3014550.629749898,22.36634980021265,23.211657148228706,21.003816668878923,22.193941205773427,2.207840479349784
2027-05-31,,,,,,,,,,,,,,,,Finance,,,,,,,,,,,,,,,,,,,,,,,,,,,,,,,,,,,,,,,,,,,,,,,,,,,,,,,,26936067.48308821,26972726.295396972,25817750.419901513,26575514.732795566,1154975.87549546,23.43412253278587,22.36634980021265,23.211657148228706,23.004043160409072,-0.8453073480160569
2027-06-30,,,,,,,,,,,,,,,,Finance,,,,,,,,,,,,,,,,,,,,,,,,,,,,,,,,,,,,,,,,,,,,,,,,,,,,,,,,27553893.00583784,26936067.48308821,26972726.295396972,27154228.928107675,-36658.81230876222,22.473648863244353,23.43412253278587,22.36634980021265,22.758040398747625,1.0677727325732214
2027-07-31,,,,,,,,,,,,,,,,Finance,,,,,,,,,,,,,,,,,,,,,,,,,,,,,,,,,,,,,,,,,,,,,,,,,,,,,,,,26367252.723093852,27553893.00583784,26936067.48308821,26952404.404006634,617825.5227496289,22.940100636566033,22.473648863244353,23.43412253278587,22.949290677532087,-0.9604736695415177
2027-08-31,,,,,,,,,,,,,,,,Finance,,,,,,,,,,,,,,,,,,,,,,,,,,,,,,,,,,,,,,,,,,,,,,,,,,,,,,,,24452328.003139824,26367252.723093852,27553893.00583784,26124491.24402384,-1186640.2827439867,23.187049982740014,22.940100636566033,22.473648863244353,22.866933160850134,0.46645177332167975
2027-09-30,,,,,,,,,,,,,,,,Finance,,,,,,,,,,,,,,,,,,,,,,,,,,,,,,,,,,,,,,,,,,,,,,,,,,,,,,,,26915614.500629786,24452328.003139824,26367252.723093852,25911731.74228782,-1914924.7199540287,22.430104808044902,23.187049982740014,22.940100636566033,22.85241847578365,0.2469493461739809
2027-10-31,,,,,,,,,,,,,,,,Finance,,,,,,,,,,,,,,,,,,,,,,,,,,,,,,,,,,,,,,,,,,,,,,,,,,,,,,,,29169857.041681785,26915614.500629786,24452328.003139824,26845933.18181713,2463286.4974899627,23.376156748532956,22.430104808044902,23.187049982740014,22.99777051310596,-0.7569451746951117
2027-11-30,,,,,,,,,,,,,,,,Finance,,,,,,,,,,,,,,,,,,,,,,,,,,,,,,,,,,,,,,,,,,,,,,,,,,,,,,,,25301067.322304543,29169857.041681785,26915614.500629786,27128846.28820537,2254242.5410519987,22.21118804948701,23.376156748532956,22.430104808044902,22.672483202021624,0.9460519404880543
2027-12-31,,,,,,,,,,,,,,,,Finance,,,,,,,,,,,,,,,,,,,,,,,,,,,,,,,,,,,,,,,,,,,,,,,,,,,,,,,,22893498.793188054,25301067.322304543,29169857.041681785,25788141.05239146,-3868789.719377242,23.46714784229618,22.21118804948701,23.376156748532956,23.018164213438713,-1.1649686990459465
2028-01-31,,,,,,,,,,,,,,,,Finance,,,,,,,,,,,,,,,,,,,,,,,,,,,,,,,,,,,,,,,,,,,,,,,,,,,,,,,,30356875.54947221,22893498.793188054,25301067.322304543,26183813.888321605,-2407568.529116489,23.19110136314407,23.46714784229618,22.21118804948701,22.956479084975754,1.2559597928091684
2028-02-29,,,,,,,,,,,,,,,,Finance,,,,,,,,,,,,,,,,,,,,,,,,,,,,,,,,,,,,,,,,,,,,,,,,,,,,,,,,26859174.698903,30356875.54947221,22893498.793188054,26703183.013854425,7463376.756284155,21.560744808881857,23.19110136314407,23.46714784229618,22.739664671440703,-0.27604647915210734
2028-03-31,,,,,,,,,,,,,,,,Finance,,,,,,,,,,,,,,,,,,,,,,,,,,,,,,,,,,,,,,,,,,,,,,,,,,,,,,,,23956184.598497983,26859174.698903,30356875.54947221,27057411.615624398,-3497700.850569207,23.307103309216185,21.560744808881857,23.19110136314407,22.68631649374737,-1.6303565542622138
2028-04-30,,,,,,,,,,,,,,,,Finance,,,,,,,,,,,,,,,,,,,,,,,,,,,,,,,,,,,,,,,,,,,,,,,,,,,,,,,,25350986.91548772,23956184.598497983,26859174.698903,25388782.070962902,-2902990.100405019,22.257405880421118,23.307103309216185,21.560744808881857,22.375084666173052,1.7463585003343276
2028-05-31,,,,,,,,,,,,,,,,Finance,,,,,,,,,,,,,,,,,,,,,,,,,,,,,,,,,,,,,,,,,,,,,,,,,,,,,,,,31895318.366810627,25350986.91548772,23956184.598497983,27067496.62693211,1394802.3169897385,23.083149516605143,22.257405880421118,23.307103309216185,22.882552902080818,-1.0496974287950671
2028-06-30,,,,,,,,,,,,,,,,Finance,,,,,,,,,,,,,,,,,,,,,,,,,,,,,,,,,,,,,,,,,,,,,,,,,,,,,,,,23553133.508682095,31895318.366810627,25350986.91548772,26933146.263660148,6544331.451322906,22.702085651680164,23.083149516605143,22.257405880421118,22.68088034956881,0.8257436361840256
2028-07-31,,,,,,,,,,,,,,,,Finance,,,,,,,,,,,,,,,,,,,,,,,,,,,,,,,,,,,,,,,,,,,,,,,,,,,,,,,,25047403.60951218,23553133.508682095,31895318.366810627,26831951.82833497,-8342184.858128533,23.06438042995833,22.702085651680164,23.083149516605143,22.949871866081214,-0.3810638649249789
2028-08-31,,,,,,,,,,,,,,,,Finance,,,,,,,,,,,,,,,,,,,,,,,,,,,,,,,,,,,,,,,,,,,,,,,,,,,,,,,,28562062.195286687,25047403.60951218,23553133.508682095,25720866.43782699,1494270.1008300856,22.8709769081286,23.06438042995833,22.702085651680164,22.879147663255697,0.3622947782781658
2028-09-30,,,,,,,,,,,,,,,,Finance,,,,,,,,,,,,,,,,,,,,,,,,,,,,,,,,,,,,,,,,,,,,,,,,,,,,,,,,24065755.094638295,28562062.195286687,25047403.60951218,25891740.299812388,3514658.5857745074,22.913048875090197,22.8709769081286,23.06438042995833,22.94946873772571,-0.19340352182972964
2028-10-31,,,,,,,,,,,,,,,,Finance,,,,,,,,,,,,,,,,,,,,,,,,,,,,,,,,,,,,,,,,,,,,,,,,,,,,,,,,25502408.539783243,24065755.094638295,28562062.195286687,26043408.60990274,-4496307.100648392,23.2722260477744,22.913048875090197,22.8709769081286,23.018750610331068,0.042071966961596985
2028-11-30,,,,,,,,,,,,,,,,Finance,,,,,,,,,,,,,,,,,,,,,,,,,,,,,,,,,,,,,,,,,,,,,,,,,,,,,,,,21670055.58170926,25502408.539783243,24065755.094638295,23746073.072043598,1436653.4451449476,22.560563644231117,23.2722260477744,22.913048875090197,22.91527952236524,0.3591771726842019
2028-12-31,,,,,,,,,,,,,,,,Finance,,,,,,,,,,,,,,,,,,,,,,,,,,,,,,,,,,,,,,,,,,,,,,,,,,,,,,,,27350007.5957082,21670055.58170926,25502408.539783243,24840823.905733567,-3832352.958073985,22.080212386132317,22.560563644231117,23.2722260477744,22.63766735937928,-0.7116624035432828
