date,campaign_id,marketing_spend,new_customers,revenue_attributed,budgeted_spend,actual_spend,brand_awareness_index,lead_quality_score,leads,conversions,conversion_rate
2025-01-01,CMP07270,2239887.64,60.89,4441793.55,688959.24,1415426.74,90.56,8.95,153.23,49.75,11.75
2025-01-02,CMP00860,435616.75,42.51,5803611.69,804220.67,1230800.26,74.43,9.78,155.31,-4.36,21.56
2025-01-03,CMP05390,1537322.99,32.37,2122782.46,1159218.14,851341.52,74.29,6.72,156.37,32.54,19.34
2025-01-04,CMP05191,545440.83,76.01,8309478.58,1017064.09,1381182.59,69.71,6.95,169.37,23.37,22.59
2025-01-05,CMP05734,1037626.6,32.21,4806950.8,1214462.61,732548.29,76.66,9.18,208.51,42.2,16.6
2025-01-06,CMP06265,1711061.83,56.3,7560114.85,1328275.18,1753657.9,86.3,8.32,237.09,42.89,26.76
2025-01-07,CMP00466,1268972.64,42.04,5782195.86,1549266.69,1040782.44,61.95,8.64,126.84,21.47,14.62
2025-01-08,CMP04426,776251.54,66.88,6043931.01,1268875.1,1328028.7,64.96,8.4,86.81,21.38,29.61
2025-01-09,CMP05578,932624.99,63.11,6303339.09,1529089.09,1363462.53,70.06,8.46,98.47,32.33,9.57
2025-01-10,CMP08322,1534448.52,81.39,6023170.25,1331930.55,1129536.03,55.06,6.48,138.6,18.03,22.21
2025-01-11,CMP01685,926126.17,41.2,6470798.26,378930.92,1494365.56,62.64,9.21,148.38,49.66,22.45
2025-01-12,CMP00769,1334629.35,47.44,8046402.48,862980.53,1036344.44,67.58,9.35,118.15,27.62,15.09
2025-01-13,CMP06949,1260901.09,29.02,5446604.47,1234496.61,1617156.36,87.01,7.75,80.09,-18.55,22.15
2025-01-14,CMP02433,960109.5,42.91,6622937.09,736676.7,660522.88,78.2,7.96,140.85,27.52,27.1
2025-01-15,CMP05311,2166233.7,64.24,4789541.59,1582078.85,1295765.2,77.21,6.25,186.96,15.44,6.86
2025-01-16,CMP05051,1514740.65,74.11,8301106.51,2016931.19,2077780.93,86.67,8.6,216.87,4.66,22.6
2025-01-17,CMP06420,367501.31,30.49,3442952.82,1871179.24,809651.2,72.45,8.67,133.52,11.83,5.25
2025-01-18,CMP01184,1321684.15,77.03,9129326.1,1202095.88,948829.53,80.04,7.94,143.97,36.33,14.1
2025-01-19,CMP04555,955714.75,89.65,4903340.42,1998232.85,1462962.41,72.94,9.3,106.81,58.51,29.13
2025-01-20,CMP03385,1609017.6,65.18,1711371.85,1371263.03,1318719.03,78.24,7.62,171.56,40.04,16.32
2025-01-21,CMP06396,899310.08,103.19,5289563.31,1144333.51,1392517.01,66.04,8.66,112.47,23.31,12.9
2025-01-22,CMP08666,1191736.85,34.35,3432257.91,1015246.58,1452296.77,39.34,6.84,215.29,42.63,18.55
2025-01-23,CMP09274,1459113.67,22.12,6925097.95,1160505.2,1515086.86,72.5,7.98,44.67,25.99,31.67
2025-01-24,CMP02558,1614765.25,8.25,3497509.7,1120465.38,1720014.0,94.9,7.81,147.83,21.7,9.09
2025-01-25,CMP07849,723377.23,93.3,3971365.31,1381423.41,1418053.62,87.75,8.27,195.61,13.34,13.61
2025-01-26,CMP02047,1096920.39,71.44,658339.06,1376825.4,1137149.88,88.32,7.58,187.13,2.47,28.36
2025-01-27,CMP02747,1036326.47,53.0,3957311.07,1303233.04,1531418.02,92.21,7.86,368.61,27.25,30.45
2025-01-28,CMP09167,959363.58,61.72,-568160.99,1505934.52,2060934.26,75.7,8.96,199.14,37.22,19.09
2025-01-29,CMP09998,2002936.08,25.21,1359888.43,1858044.48,1184015.14,77.27,7.51,101.22,32.58,12.52
2025-01-30,CMP00189,1415966.75,117.97,6740943.67,1745413.42,820783.36,65.54,6.16,166.93,26.77,31.83
2025-01-31,CMP02734,697237.02,57.8,6799212.56,608109.95,1718883.97,69.88,10.02,45.37,17.13,28.93
2025-02-01,CMP03005,1637246.46,57.29,5972096.17,108694.19,1189301.46,83.29,9.6,168.01,45.41,23.62
2025-02-02,CMP04658,2156833.42,73.29,2775957.96,1738296.44,303851.51,91.75,6.52,113.59,10.38,14.99
2025-02-03,CMP01899,1686691.51,66.94,4886002.63,663245.04,1606855.34,72.42,8.8,240.04,48.46,19.41
2025-02-04,CMP07734,585714.47,60.26,4987248.29,1196806.33,1010274.57,67.95,7.43,134.09,16.11,18.76
2025-02-05,CMP01267,1032318.88,33.91,2336652.13,755168.09,1202179.19,74.43,8.31,165.39,20.65,21.61
2025-02-06,CMP01528,1787842.06,66.69,8446359.45,459978.47,1384470.65,83.08,8.35,127.87,7.65,28.1
2025-02-07,CMP03556,935918.75,103.32,7009380.72,1554765.27,1323429.51,53.65,7.74,299.6,25.22,24.79
2025-02-08,CMP03890,1432723.09,89.39,4488324.84,1656464.69,1547328.91,41.39,7.11,150.6,52.09,13.45
2025-02-09,CMP08838,1575451.47,95.82,5057230.13,1032481.55,1053350.84,66.51,7.22,306.38,43.72,27.66
2025-02-10,CMP05393,841319.64,41.17,5473831.22,91352.29,1462616.36,56.86,6.96,232.72,52.14,21.51
2025-02-11,CMP08792,1215557.41,28.74,308998.55,1046620.9,1129259.17,67.12,7.05,208.7,43.84,23.67
2025-02-12,CMP08433,-157189.87,51.18,4428156.06,1484849.18,1559995.56,72.3,7.93,200.51,14.26,28.19
2025-02-13,CMP07513,799272.22,55.89,3430117.28,610906.62,1506736.68,67.91,7.19,202.32,28.32,13.26
2025-02-14,CMP02612,1132270.02,82.86,2696437.77,1387470.31,837648.81,95.32,8.79,34.42,20.14,19.49
2025-02-15,CMP07041,702889.28,10.49,4350290.73,1294657.72,1709781.1,79.13,9.72,153.67,58.55,16.62
2025-02-16,CMP09555,1945535.34,94.17,9121857.21,1572437.75,1010000.49,78.75,7.34,234.96,12.57,10.61
2025-02-17,CMP06235,624211.72,50.34,6466483.22,1357674.41,1589871.99,83.38,8.28,170.3,50.6,21.7
2025-02-18,CMP05486,1051384.26,43.36,3684455.36,847221.22,1399703.68,58.04,8.58,72.21,50.59,34.24
2025-02-19,CMP07099,1297646.73,28.16,6309801.68,1860812.57,2034314.84,89.38,8.55,170.05,67.63,9.04
2025-02-20,CMP09670,1863069.76,11.46,8207543.5,1227749.73,1144826.01,73.34,8.1,297.09,26.89,19.51
2025-02-21,CMP00775,621743.52,75.82,7117885.64,1289054.16,1090528.29,84.07,8.86,264.02,47.3,23.4
2025-02-22,CMP08226,1743080.74,56.35,5132390.65,865815.05,1232860.84,59.01,8.56,169.35,75.85,20.41
2025-02-23,CMP03152,1245654.34,20.94,3510563.88,1094721.77,1110433.88,52.07,6.59,242.65,23.1,19.04
2025-02-24,CMP01585,817772.15,20.81,6598192.08,888456.57,1586370.42,86.19,9.01,147.33,6.41,12.17
2025-02-25,CMP03943,1440611.66,45.72,5898708.48,1221014.78,543889.9,79.84,9.03,50.6,0.13,21.04
2025-02-26,CMP07555,1327122.68,97.79,7050309.14,2101469.21,786633.13,61.45,7.13,106.97,47.31,15.31
2025-02-27,CMP03073,982278.65,47.7,6453466.09,660898.7,780540.9,61.91,8.05,286.87,0.08,7.01
2025-02-28,CMP01021,1271355.11,15.4,7404619.93,548002.23,1651244.98,90.62,8.79,154.02,27.57,26.61
2025-03-01,CMP03843,1074997.64,48.06,3766959.32,1989096.95,1979275.25,57.31,7.77,156.23,42.3,25.24
2025-03-02,CMP07989,1290215.85,47.36,8019412.56,1204020.24,1196175.22,98.06,9.24,152.15,37.71,19.99
2025-03-03,CMP09692,1526912.43,-15.6,5449079.87,989239.18,1168402.02,61.47,10.73,311.55,42.08,21.02
2025-03-04,CMP06873,1925518.66,53.03,9758990.57,1787622.5,1271463.01,83.61,7.11,291.44,38.38,25.91
2025-03-05,CMP05675,707189.79,48.45,3413582.49,1018884.5,1742526.14,69.7,6.42,334.31,57.61,20.99
2025-03-06,CMP00161,2161526.33,72.53,8980181.27,2154867.34,841137.29,83.11,8.36,162.33,17.01,24.93
2025-03-07,CMP04297,399020.45,102.47,5449794.14,1618516.79,1344082.49,66.6,8.84,195.22,22.02,17.97
2025-03-08,CMP00995,1175752.39,83.7,3500277.85,1073872.36,1661983.66,72.08,7.74,64.14,20.28,27.29
2025-03-09,CMP07629,1495065.97,47.46,3884824.68,2309640.13,1457434.01,75.02,9.68,280.66,49.44,21.55
2025-03-10,CMP09467,1362471.93,25.71,4260204.66,1018838.07,1323033.41,60.01,6.47,89.38,50.72,20.82
2025-03-11,CMP01016,972578.62,121.28,5969131.45,1648494.87,1673135.86,85.09,8.8,189.52,42.55,12.34
2025-03-12,CMP07869,1151445.99,55.98,6195613.68,1441630.6,74942.77,67.04,7.31,94.47,55.87,21.35
2025-03-13,CMP06439,1028536.45,54.81,3678668.73,1909944.76,1533705.38,71.14,9.98,131.25,12.91,14.88
2025-03-14,CMP07892,986960.75,53.82,4939614.83,2031301.52,959041.53,60.12,10.3,113.28,64.67,16.0
2025-03-15,CMP06863,1607796.07,59.59,9912801.54,1316761.41,451421.58,37.56,7.13,129.87,62.05,14.97
2025-03-16,CMP07916,1395271.95,50.7,8960852.87,949835.65,1461795.24,71.68,7.38,134.84,47.72,13.52
2025-03-17,CMP08529,942286.82,39.55,5997037.81,1516695.3,1833897.71,109.14,9.0,134.18,66.76,32.0
2025-03-18,CMP00878,1629367.38,40.24,5082749.13,985201.6,1181937.84,85.72,7.56,234.11,4.2,27.4
2025-03-19,CMP09268,1373822.24,53.59,5271032.66,2242404.54,1652352.48,74.15,7.96,93.93,24.8,30.81
2025-03-20,CMP04887,1591944.79,40.33,6403762.73,1365595.26,1936849.04,70.64,8.04,189.79,20.96,12.61
2025-03-21,CMP04859,1512889.67,35.93,2647839.11,1131142.68,1808552.85,74.75,5.8,261.93,47.47,20.11
2025-03-22,CMP06331,883573.43,57.21,4404745.32,1388087.16,1948794.14,82.3,7.99,136.72,15.23,12.2
2025-03-23,CMP08571,999551.92,47.82,1165514.38,672472.77,1561426.67,57.44,7.22,121.91,48.12,15.66
2025-03-24,CMP08684,1563655.57,93.51,5911878.66,847900.9,1273784.82,90.46,7.44,157.16,59.28,14.38
2025-03-25,CMP07208,1504580.65,-14.41,6481065.83,1862607.63,550078.89,84.72,9.67,259.16,46.99,26.87
2025-03-26,CMP05276,1232221.44,82.79,3886429.99,994928.6,1135076.86,84.76,6.56,187.88,39.5,17.4
2025-03-27,CMP02062,1291859.67,86.81,8608385.46,812724.42,877424.65,80.74,8.94,135.42,16.37,25.88
2025-03-28,CMP00064,1792481.71,0.59,2181942.55,1552518.2,2177882.13,74.71,7.69,208.83,18.93,23.19
2025-03-29,CMP08006,986008.71,45.54,1634248.23,1855735.67,1165354.25,84.11,7.69,94.11,57.08,33.03
2025-03-30,CMP02568,1477281.87,44.8,5510715.4,1637683.58,1294395.46,82.94,8.92,223.12,48.52,11.13
2025-03-31,CMP05463,1154004.29,17.89,7398986.17,1767133.82,1479175.05,69.33,8.4,203.39,33.63,26.99
2025-04-01,CMP02027,1147321.83,34.24,8860739.6,948257.92,1260051.4,66.17,8.66,151.57,26.74,26.33
2025-04-02,CMP02695,1715301.32,25.6,3942212.32,637582.46,1972560.95,75.89,9.12,113.19,-2.52,14.06
2025-04-03,CMP09687,1597361.25,99.95,7471479.48,2003188.36,972600.26,96.71,7.63,109.71,14.86,25.53
2025-04-04,CMP05258,1592224.16,78.75,4907126.57,1151063.62,1325201.79,56.6,7.31,212.52,69.12,21.64
2025-04-05,CMP05618,1804481.89,87.47,4599275.42,1184628.32,920903.97,53.31,6.76,262.72,11.04,18.38
2025-04-06,CMP06736,1250301.34,73.19,7023836.1,1922302.74,671721.97,76.8,7.06,127.74,37.79,14.92
2025-04-07,CMP00391,1535464.67,25.12,6492834.0,1561664.11,977294.5,75.16,11.4,206.99,52.67,15.53
2025-04-08,CMP05892,1107376.24,40.82,1377128.13,1514787.2,1225259.99,76.92,9.44,22.89,11.51,31.56
2025-04-09,CMP03561,1381099.35,67.15,8384710.75,2313234.59,1056018.96,77.94,6.46,131.55,37.7,19.7
2025-04-10,CMP06184,1185089.74,22.7,8163325.48,1001177.49,942497.64,71.22,6.49,171.59,51.4,24.22
2025-04-11,CMP03099,1283087.78,72.96,3559625.11,1735269.28,634490.43,95.86,8.56,108.04,34.57,15.11
2025-04-12,CMP06278,1498016.97,48.2,5904029.47,1328444.86,1205383.84,51.39,8.64,106.1,86.53,15.18
2025-04-13,CMP08392,888221.96,44.71,6129495.11,1427288.33,592034.97,62.51,8.64,125.54,3.98,25.96
2025-04-14,CMP03104,2143989.76,72.91,5593857.85,2015864.92,1569161.83,72.94,7.72,194.97,53.6,11.88
2025-04-15,CMP07215,807197.98,65.98,3732368.36,1539055.75,1276807.57,50.79,7.86,160.29,31.2,17.29
2025-04-16,CMP02454,717383.5,45.07,3453899.24,1553285.91,612385.75,71.9,8.39,11.96,48.38,19.89
2025-04-17,CMP08996,1740900.7,84.55,4936861.6,1802853.49,1107832.57,98.33,8.11,20.46,42.37,20.34
2025-04-18,CMP02731,1582798.4,26.37,7687354.03,1131314.99,916725.07,74.73,5.46,129.94,21.0,18.66
2025-04-19,CMP08154,1510512.83,70.44,6243276.09,909756.28,1378945.64,77.75,7.74,206.94,38.51,21.99
2025-04-20,CMP09762,1512335.98,69.85,4144823.68,813706.31,1819570.23,56.3,7.03,-24.88,0.54,23.71
2025-04-21,CMP05056,1235955.53,46.4,6766844.65,383186.83,432205.19,65.56,8.21,137.69,45.32,23.95
2025-04-22,CMP08110,854123.25,62.91,-1542916.61,2262408.71,1290866.79,69.03,11.44,135.78,39.76,13.98
2025-04-23,CMP03840,1273944.85,21.95,7632349.56,786423.96,1172150.81,69.86,8.43,274.25,45.96,18.05
2025-04-24,CMP01028,949081.17,78.44,1002246.02,1198446.93,1530885.78,92.87,7.65,145.99,53.59,26.61
2025-04-25,CMP07385,1661950.05,49.64,4163584.57,1172491.1,1333222.0,82.45,9.07,201.54,41.03,24.87
2025-04-26,CMP00502,1177792.14,40.87,2425470.66,1445421.27,916805.79,58.44,8.56,184.05,37.03,11.74
2025-04-27,CMP06910,885082.54,81.69,2023755.88,1682898.14,1103585.05,77.97,8.49,19.74,18.31,21.73
2025-04-28,CMP09062,1102578.96,36.15,7660034.11,1703797.59,897797.81,81.59,8.71,229.4,21.38,8.24
2025-04-29,CMP06938,1419396.63,17.86,3921974.26,1029413.62,1705477.44,90.83,10.37,189.42,55.93,19.96
2025-04-30,CMP04488,998023.09,14.02,5790868.96,1223735.74,1250434.14,97.17,6.71,210.6,60.47,30.68
2025-05-01,CMP00206,886496.3,70.18,4887817.75,1433822.96,2061498.91,59.82,8.55,457.8,30.01,14.2
2025-05-02,CMP05134,1346377.01,21.19,6090498.39,1185628.94,1215067.52,62.76,6.94,23.1,35.18,14.86
2025-05-03,CMP05977,1346928.99,100.02,5171851.4,2052713.97,935600.64,56.33,8.65,298.58,17.88,24.12
2025-05-04,CMP07721,1022521.14,0.37,2050586.93,1531178.89,588154.54,71.06,6.95,153.05,55.68,10.76
2025-05-05,CMP07035,1038012.13,98.5,7282309.56,1645123.02,463283.4,81.14,7.53,194.62,46.45,16.03
2025-05-06,CMP01484,1341356.17,59.92,3862167.75,1611488.4,557771.5,88.63,7.67,170.54,69.66,23.15
2025-05-07,CMP07858,616470.31,51.93,1422599.82,1850022.04,1356489.85,73.33,9.13,143.15,18.36,16.02
2025-05-08,CMP00863,633995.86,40.29,4012838.52,1386377.9,1460726.3,69.83,9.06,132.62,27.46,18.33
2025-05-09,CMP02790,931270.03,64.81,8440303.12,695968.79,559042.21,76.61,6.58,197.67,38.55,24.0
2025-05-10,CMP07408,1149148.59,53.47,6947083.36,1488532.32,1627399.31,62.41,8.07,64.11,46.1,22.13
2025-05-11,CMP08755,1375378.91,83.1,4195234.86,997515.5,1032824.97,104.49,7.19,228.12,30.42,21.24
2025-05-12,CMP05116,1877774.68,57.41,4193844.86,1054856.07,1304572.48,51.3,6.56,143.74,18.46,17.73
2025-05-13,CMP06019,1611272.46,58.35,4257248.82,1575741.82,1936824.17,77.08,7.76,92.1,50.38,21.84
2025-05-14,CMP01757,1172234.63,45.0,9762404.03,1880298.97,1628176.35,103.54,7.65,141.29,47.46,18.98
2025-05-15,CMP07574,1233034.89,52.97,5872197.21,1311747.47,1125383.08,74.52,10.8,264.76,17.67,22.34
2025-05-16,CMP06374,808702.86,62.44,5982618.3,1446087.6,856738.74,71.69,8.51,135.12,59.0,16.82
2025-05-17,CMP06892,1233251.93,10.03,7360390.02,2097034.11,312848.93,69.28,6.43,199.76,55.63,18.64
2025-05-18,CMP01678,1116698.96,19.43,5543624.77,1414282.74,930964.1,71.83,7.36,120.97,36.78,13.96
2025-05-19,CMP03242,1380474.71,73.75,4400922.14,2517238.83,1150148.21,94.18,9.18,228.65,35.79,19.49
2025-05-20,CMP04636,884334.53,58.88,4544823.61,1565999.28,815325.48,42.6,10.41,223.42,44.42,15.0
2025-05-21,CMP01059,1465308.89,49.67,4831166.67,479234.14,1184609.15,96.49,6.19,307.54,18.66,13.24
2025-05-22,CMP06668,1902532.17,54.92,4910078.94,1653748.78,1274396.71,53.94,5.85,161.14,34.89,21.19
2025-05-23,CMP09914,1194315.29,63.47,6665689.99,1479875.86,1144226.3,70.59,10.16,222.2,-4.82,20.93
2025-05-24,CMP03157,1414555.93,40.43,5114751.99,1904344.07,960798.85,68.25,8.46,180.93,50.29,24.23
2025-05-25,CMP05915,1538998.64,34.23,6677190.98,1616300.29,1314004.58,82.89,7.01,267.56,5.93,17.2
2025-05-26,CMP09789,1068134.69,59.53,4810243.72,1237127.52,1431912.5,51.43,8.62,121.85,61.69,22.06
2025-05-27,CMP02693,1337922.96,29.03,5176013.58,729854.38,770791.9,81.08,4.98,227.72,28.33,22.88
2025-05-28,CMP03627,1246672.27,65.05,408925.23,1204160.59,1849979.32,103.55,8.01,159.76,30.49,22.27
2025-05-29,CMP09555,1283381.22,10.22,7098820.35,904472.22,1198703.96,54.81,8.39,169.19,22.92,14.91
2025-05-30,CMP05450,907727.98,81.17,5790833.6,1030606.77,1249371.92,77.16,9.07,180.47,29.1,20.56
2025-05-31,CMP01663,1251814.13,66.72,7286311.04,1576776.31,1546795.04,64.9,6.84,192.08,60.15,21.8
2025-06-01,CMP09721,1456098.3,61.09,-1652434.62,2081939.64,1341859.31,80.55,8.11,165.43,-10.92,19.73
2025-06-02,CMP05592,1867328.27,79.97,9789091.55,1486188.8,1652465.55,74.7,6.95,189.37,57.57,7.61
2025-06-03,CMP07392,1655112.12,97.7,4675108.81,743129.1,1365117.68,65.2,8.3,287.98,40.49,20.62
2025-06-04,CMP01306,2170219.55,80.79,7539197.19,1509515.14,977006.18,81.45,6.98,245.11,12.38,32.51
2025-06-05,CMP06776,910170.92,6.63,2608557.77,1860840.59,1397208.29,100.39,7.54,236.7,14.78,17.61
2025-06-06,CMP05864,1617597.88,21.21,6402054.83,1016937.63,747784.17,71.68,6.86,140.89,64.84,15.48
2025-06-07,CMP09474,1320341.36,38.22,2577548.27,1239201.2,1288076.9,84.78,8.76,109.52,17.14,21.86
2025-06-08,CMP07526,2186019.28,55.12,3563742.39,1308671.91,1226902.42,55.82,9.0,242.93,13.36,21.5
2025-06-09,CMP08901,892502.93,67.89,9388910.6,935128.93,1151448.32,60.67,7.74,237.2,55.03,26.6
2025-06-10,CMP05575,878945.39,35.6,4557832.45,1604667.32,1185782.45,81.22,8.05,280.35,40.5,12.41
2025-06-11,CMP05530,982634.26,59.3,5494604.39,1245306.65,429324.62,95.78,6.34,130.15,17.28,23.93
2025-06-12,CMP04413,324894.74,34.83,6992637.07,1497803.08,1004494.61,79.54,7.66,157.23,38.28,23.11
2025-06-13,CMP03748,1014404.86,38.56,6133286.36,887200.13,1281296.82,69.92,7.95,55.26,15.68,18.87
2025-06-14,CMP00663,913715.2,17.91,5340783.13,1097442.55,1310208.61,74.42,11.02,145.45,54.37,21.65
2025-06-15,CMP01998,1306126.01,30.47,5833234.72,1639285.07,797853.84,56.44,6.73,245.91,53.65,25.65
2025-06-16,CMP07994,1388688.31,19.34,10512224.15,1127633.49,1787322.9,83.12,9.69,140.1,44.02,24.74
2025-06-17,CMP01495,2050704.22,29.1,4863261.47,2108596.07,867532.36,87.12,9.15,220.16,40.92,13.07
2025-06-18,CMP03304,1651295.13,81.81,5457112.35,1115111.91,1659506.98,67.92,8.33,160.06,66.38,24.44
2025-06-19,CMP03763,992337.03,29.79,7407148.69,1406776.03,1425550.29,67.66,10.03,197.27,34.33,19.32
2025-06-20,CMP05232,853622.65,122.81,7533098.68,1737488.67,962427.67,78.25,8.44,90.83,12.84,20.12
2025-06-21,CMP01853,1453475.5,67.26,7720180.65,639191.83,2007188.68,68.14,8.46,180.0,42.52,20.12
2025-06-22,CMP06585,671631.07,59.24,6461633.95,479212.63,726250.47,73.48,7.95,-42.5,72.29,18.82
2025-06-23,CMP01291,2031413.41,32.15,2371908.36,589068.87,1637803.98,104.64,9.41,160.32,15.88,26.59
2025-06-24,CMP03581,1750103.1,72.63,8744832.68,1891651.69,1672935.76,70.87,9.27,55.91,27.76,19.21
2025-06-25,CMP07554,1038815.76,39.49,2364240.75,1043998.35,951903.47,69.27,7.29,261.06,41.92,13.21
2025-06-26,CMP07280,502115.68,57.61,5690175.1,2496924.49,1842011.79,65.11,6.49,230.06,33.36,17.41
2025-06-27,CMP01636,1825361.06,120.94,3264181.95,1038210.36,1133357.97,85.13,7.78,207.59,16.47,20.73
2025-06-28,CMP03696,1191821.67,51.95,4848296.75,1388026.89,1365794.81,71.82,7.09,283.84,54.75,26.81
2025-06-29,CMP00698,1775289.23,84.29,5750145.88,2022237.83,1353553.94,65.08,7.94,105.21,76.55,23.19
2025-06-30,CMP04737,553331.19,36.18,5733148.28,2238996.83,1183292.48,93.44,9.43,300.22,37.91,14.77
2025-07-01,CMP00854,982641.87,53.54,5963977.92,2264883.05,1591058.67,94.85,7.48,241.26,17.89,34.08
2025-07-02,CMP08164,1243501.71,100.44,8699567.55,1866322.71,1583586.23,65.79,7.96,156.73,6.16,21.23
2025-07-03,CMP05855,1261508.89,38.16,6036542.43,1780221.52,486843.63,47.57,8.08,255.97,39.03,27.08
2025-07-04,CMP07392,1047060.75,101.52,4435089.77,1578620.96,1803990.66,88.92,8.98,93.82,54.42,18.81
2025-07-05,CMP06528,1509964.94,72.83,7208445.64,1665437.12,523965.17,64.58,5.43,114.2,42.99,22.78
2025-07-06,CMP05249,780619.64,39.84,7725781.75,1044312.49,1686726.43,85.8,7.31,129.82,34.3,24.55
2025-07-07,CMP05172,1179810.39,70.87,2177714.15,919571.89,1727350.85,46.08,8.25,135.58,23.62,26.75
2025-07-08,CMP01707,1293140.31,79.7,6366766.32,1300233.58,770547.12,87.27,9.39,97.42,14.47,25.82
2025-07-09,CMP05791,1463191.5,70.59,6604962.08,1222304.84,1063995.49,57.0,7.44,262.3,49.53,24.74
2025-07-10,CMP09925,1548262.15,13.66,4312501.72,1090075.39,764188.38,84.94,5.85,155.11,50.97,17.87
2025-07-11,CMP05535,756017.92,35.56,8153261.37,1627141.49,1148512.69,74.63,8.72,199.33,6.22,16.38
2025-07-12,CMP04931,579353.16,48.02,4651085.66,1748100.15,1108339.43,60.7,7.28,132.59,63.27,21.62
2025-07-13,CMP03510,1792486.86,52.51,5283760.73,1343111.09,1577620.12,68.57,6.64,42.16,44.78,25.1
2025-07-14,CMP00202,1384614.62,70.56,4598255.08,1992068.04,1806565.74,84.3,7.29,193.37,59.8,18.4
2025-07-15,CMP04218,918308.42,59.06,5031276.96,768446.9,1843400.4,75.95,7.8,35.53,9.92,25.86
2025-07-16,CMP08958,1910476.39,19.76,2479170.19,1211338.1,998694.65,82.83,7.31,168.87,9.49,28.11
2025-07-17,CMP04389,1291146.6,64.32,1690080.59,966932.0,1150971.57,102.86,5.47,74.87,31.63,14.39
2025-07-18,CMP02327,1750041.43,70.3,8655482.37,429819.75,514928.03,51.92,9.04,317.57,43.49,14.85
2025-07-19,CMP08004,1270369.86,68.98,3051435.26,1263184.07,893550.57,97.69,9.47,239.75,67.02,18.88
2025-07-20,CMP02931,2130339.12,82.51,2719913.95,1244933.22,1657519.93,75.93,8.76,181.49,47.19,21.47
2025-07-21,CMP07777,1998572.7,76.1,52709.44,2008848.64,1938274.77,61.5,6.7,265.24,29.92,16.66
2025-07-22,CMP00197,1133824.95,66.37,3528869.46,1596506.44,708685.45,55.29,7.78,112.63,15.67,27.52
2025-07-23,CMP07125,1660418.95,52.62,1958548.53,823340.47,985623.48,71.71,8.0,213.14,56.72,22.15
2025-07-24,CMP01930,1519683.69,11.31,8764535.2,2167986.81,1229846.7,87.69,8.7,188.29,16.79,19.92
2025-07-25,CMP06287,1831728.84,65.6,7313412.32,1872240.58,1362113.52,72.59,8.78,192.93,63.97,11.38
2025-07-26,CMP08800,824927.75,59.84,3415963.86,1573748.72,891939.79,96.17,7.17,265.86,29.17,12.07
2025-07-27,CMP09339,1537232.94,61.5,10165671.03,1196003.4,1424198.43,53.55,8.1,226.81,63.28,21.32
2025-07-28,CMP04282,1697891.49,21.28,7249023.76,853588.61,1036803.63,74.25,8.53,194.72,46.69,7.34
2025-07-29,CMP02511,482439.65,26.37,4249912.09,1127926.11,1235003.97,56.41,9.68,54.15,31.85,25.56
2025-07-30,CMP09986,730728.14,81.8,-741521.32,1810440.93,1476931.05,79.66,8.82,104.4,24.89,18.78
2025-07-31,CMP00659,361422.42,53.42,10254057.96,2182232.58,1244010.19,87.19,8.92,164.96,28.14,38.47
2025-08-01,CMP02811,1125005.05,72.14,1805946.78,2022767.41,1052962.74,68.37,8.11,180.59,42.13,33.06
2025-08-02,CMP07098,1550819.49,55.18,1218733.08,1073434.15,1193948.71,36.96,9.63,92.09,35.74,18.64
2025-08-03,CMP06546,1889424.06,55.22,7342685.85,778758.13,1203115.56,77.29,8.48,348.26,23.54,19.08
2025-08-04,CMP09561,1273207.17,78.81,10595630.27,1367627.88,1081599.86,80.71,7.02,283.51,31.33,25.46
2025-08-05,CMP01986,1943897.68,41.04,8172923.45,475647.86,1129583.02,80.24,9.62,217.39,35.77,29.56
2025-08-06,CMP08338,645801.2,56.94,6289892.5,1452784.35,1930967.97,92.21,8.81,179.05,-4.39,10.21
2025-08-07,CMP02911,506323.18,42.44,6360693.42,1232854.5,1483245.33,59.02,7.5,158.49,42.68,9.35
2025-08-08,CMP01734,1217273.55,43.16,6954414.32,1084091.66,1113755.77,84.21,7.46,104.99,16.51,16.09
2025-08-09,CMP01843,1406942.53,46.41,6737532.61,556812.28,1541936.96,91.58,8.35,179.44,13.36,23.07
2025-08-10,CMP08680,1227133.34,60.21,5640953.28,1541748.69,1097214.52,48.84,8.54,192.48,3.64,22.57
2025-08-11,CMP02976,349251.39,42.01,5234696.58,1052948.07,1747378.32,79.03,8.24,84.03,1.7,25.89
2025-08-12,CMP01959,1202788.92,87.06,4851843.59,755259.75,1400719.68,67.17,8.37,198.01,9.68,12.75
2025-08-13,CMP05759,678432.25,31.21,3264896.4,-40025.27,1194944.34,73.25,9.96,162.61,21.44,6.28
2025-08-14,CMP06694,1530166.34,49.59,4351266.76,1288955.88,1434404.65,79.43,9.24,35.85,69.88,24.66
2025-08-15,CMP02385,1399406.39,43.02,1109570.14,2129753.15,563492.38,67.42,8.23,111.61,24.77,14.9
2025-08-16,CMP04736,835732.72,92.03,4769792.46,2077900.82,755100.93,64.71,9.09,143.92,37.57,8.0
2025-08-17,CMP01802,1019533.93,59.55,2726343.81,1088268.28,726126.14,74.92,6.82,310.37,41.63,20.53
2025-08-18,CMP08155,784246.76,81.24,2462381.39,1020474.5,1302911.45,58.78,8.47,214.09,36.72,24.29
2025-08-19,CMP08120,1214196.74,15.86,5408439.46,1520807.39,1988724.6,58.8,10.09,77.25,32.93,18.99
2025-08-20,CMP06616,1653330.9,61.38,8190665.37,835394.1,2203923.05,84.2,7.76,208.99,12.59,17.04
2025-08-21,CMP05534,815952.58,77.55,7103385.67,1442798.21,1516523.42,57.9,7.03,61.93,60.74,18.77
2025-08-22,CMP04061,1458707.78,56.58,1390651.37,1659699.9,1457326.28,84.01,7.26,252.14,67.22,17.55
2025-08-23,CMP00262,1012462.24,82.12,2723963.45,1874996.66,464181.64,81.08,6.76,139.76,3.73,11.89
2025-08-24,CMP06287,899158.17,41.01,7154927.04,1255021.03,1007105.34,49.6,7.11,167.06,15.71,15.55
2025-08-25,CMP08815,1195061.6,91.05,2740354.04,1206659.72,901353.83,64.68,7.58,269.73,29.25,22.71
2025-08-26,CMP09208,794589.02,114.15,4479903.22,891642.73,973377.63,91.61,6.39,80.74,16.79,21.56
2025-08-27,CMP02049,1002370.01,45.02,6258085.63,915516.17,1168694.49,60.31,8.03,72.79,43.55,20.67
2025-08-28,CMP05423,724420.68,42.87,2772817.19,1196005.84,1037558.13,67.75,9.05,131.63,21.09,13.93
2025-08-29,CMP04548,2088910.54,92.19,5237392.26,1473432.24,387279.95,81.07,6.97,248.94,73.73,18.64
2025-08-30,CMP03108,1256453.63,95.47,1933447.14,1728609.53,1563921.62,85.7,9.75,63.95,56.0,7.09
2025-08-31,CMP07158,939346.13,40.86,3615161.5,926588.76,778409.52,70.81,8.6,-31.0,38.21,20.73
2025-09-01,CMP07400,1333559.94,43.53,5729532.44,1999149.64,1344461.25,65.83,9.19,141.21,53.03,27.97
2025-09-02,CMP03170,1192775.94,47.13,1339021.51,1175149.16,2136092.33,94.89,7.25,213.74,54.46,11.16
2025-09-03,CMP09874,1145903.07,19.53,6006566.01,1291827.86,844575.28,99.44,8.99,260.65,24.08,16.3
2025-09-04,CMP02255,1506218.6,30.59,4950441.58,952735.0,149558.96,88.51,6.75,140.34,19.49,21.6
2025-09-05,CMP01154,1568062.39,28.36,6263681.39,169277.23,1117844.19,75.65,9.03,144.08,35.76,26.95
2025-09-06,CMP04499,1012357.17,34.5,5509481.22,1714809.69,1716243.08,62.8,8.21,257.29,50.02,17.1
2025-09-07,CMP06295,992805.33,53.54,8126712.35,1646041.53,2086158.93,62.48,8.64,38.61,36.87,15.68
2025-09-08,CMP06197,1122569.6,60.53,5282952.88,1170382.18,710756.08,81.94,6.66,145.74,5.65,8.29
2025-09-09,CMP09888,248086.52,94.71,4009876.63,1333106.09,1455537.83,80.45,6.98,187.61,19.73,20.29
2025-09-10,CMP01648,587517.44,28.52,5276234.35,1542841.45,1040483.38,94.59,8.7,206.33,32.99,31.52
2025-09-11,CMP05539,1830970.66,80.01,6242582.6,571835.17,1195528.43,83.79,6.92,136.96,32.96,21.3
2025-09-12,CMP09637,1950952.74,48.89,5107668.92,1054652.38,2382128.55,52.8,8.54,176.33,70.23,19.56
2025-09-13,CMP04199,1133793.94,53.16,5088690.01,1672866.81,592790.02,89.56,6.44,-6.13,9.12,21.56
2025-09-14,CMP08445,1489992.06,71.97,3384192.98,715843.39,1350714.09,60.07,8.98,126.23,43.54,19.63
2025-09-15,CMP02557,1375526.72,25.28,3473920.42,1438951.54,1443023.31,68.9,6.59,206.64,61.43,14.99
2025-09-16,CMP05592,2569607.65,64.38,1776031.79,668055.44,1709696.62,78.03,8.64,102.79,75.67,24.46
2025-09-17,CMP00098,1724274.55,58.77,9011427.88,1519712.21,1283513.7,103.14,8.73,178.1,26.98,21.0
2025-09-18,CMP02200,1186049.91,67.23,2140402.09,1285159.39,1374146.26,119.17,7.21,206.16,43.28,19.8
2025-09-19,CMP02961,828976.01,61.95,3405049.76,547268.58,1072264.45,83.16,8.68,149.06,44.71,14.04
2025-09-20,CMP04973,548145.8,118.21,3346513.3,1845941.54,1357352.86,71.79,8.31,186.17,37.9,27.24
2025-09-21,CMP04433,1329022.74,37.88,7049692.05,958630.73,1093170.68,82.12,7.39,104.21,32.54,23.54
2025-09-22,CMP02869,914915.45,40.65,4318501.39,923284.24,1509413.54,87.2,6.85,158.89,42.27,16.49
2025-09-23,CMP00956,627614.81,38.26,7859536.08,1395509.98,1081772.73,69.81,5.75,217.97,-11.73,25.49
2025-09-24,CMP08352,962278.58,40.02,3449613.21,1838419.16,1403937.49,100.25,8.41,185.19,46.75,16.81
2025-09-25,CMP05699,774610.65,37.89,5635909.78,827248.35,1228614.04,77.74,6.21,131.42,36.64,15.16
2025-09-26,CMP06944,1969148.48,85.33,3078094.26,1330625.01,1727068.3,81.59,8.12,190.05,30.29,15.29
2025-09-27,CMP04493,1621618.57,91.34,9919409.36,1502140.31,1219065.76,84.01,7.71,225.52,71.58,9.44
2025-09-28,CMP09492,1237799.58,39.62,2269550.16,1625608.31,476273.01,80.49,8.79,25.57,22.06,22.42
2025-09-29,CMP04911,1879754.12,32.83,5706667.84,1384238.26,1785689.3,86.5,7.66,257.67,27.01,9.09
2025-09-30,CMP03987,1274619.52,66.69,6450264.24,1130345.56,850465.49,65.55,7.63,149.52,70.58,12.58
2025-10-01,CMP09719,869642.41,40.1,5945335.78,915184.54,959174.99,66.39,8.85,204.61,19.2,7.67
2025-10-02,CMP06015,1898383.89,70.88,4570215.33,1342053.88,984244.14,58.6,8.39,260.43,24.33,19.19
2025-10-03,CMP01218,1473749.48,59.71,4697532.03,800938.63,1834234.04,80.75,8.37,74.63,31.66,18.82
2025-10-04,CMP04496,793724.47,15.08,5096080.57,-62957.85,319812.97,85.63,8.55,122.53,49.64,17.8
2025-10-05,CMP04735,1159118.63,94.64,4658094.74,1505757.75,2595005.85,81.01,6.24,152.97,38.12,13.66
2025-10-06,CMP04555,863458.05,101.09,7207968.08,1724101.44,1696869.97,98.52,8.88,117.15,10.82,12.9
2025-10-07,CMP09146,644637.04,38.53,10069466.01,197918.42,1337554.69,74.35,8.71,299.32,24.66,22.38
2025-10-08,CMP08050,1640834.18,44.37,3715872.44,830093.93,1217555.58,84.05,6.84,111.87,23.29,16.5
2025-10-09,CMP03446,2065047.96,61.87,1851324.9,1591060.44,1364440.27,58.72,7.73,133.66,32.94,21.53
2025-10-10,CMP01045,637834.08,63.13,4792878.24,2263010.59,1466075.1,68.86,7.96,188.62,42.09,14.57
2025-10-11,CMP06893,1484129.71,71.55,10916881.97,1311524.23,1519614.5,84.43,7.85,86.89,41.95,20.74
2025-10-12,CMP01693,960522.73,106.65,3150794.05,961708.75,1480952.21,86.64,8.39,145.22,2.03,27.24
2025-10-13,CMP03436,1031071.43,49.85,8757882.43,1216366.26,1279888.49,70.2,9.65,196.8,53.7,23.09
2025-10-14,CMP08754,985653.83,33.71,8846446.66,1944111.31,1156098.62,73.4,9.25,149.76,38.94,17.3
2025-10-15,CMP05895,868474.67,18.62,3724832.48,1000034.81,1175973.21,52.59,6.5,167.08,59.53,21.18
2025-10-16,CMP03354,1262173.76,35.46,6301539.07,928451.34,1157147.1,69.29,8.72,135.55,42.42,18.3
2025-10-17,CMP00225,882729.91,53.58,8733275.74,1076286.64,1730398.99,87.24,9.54,64.3,54.38,19.74
2025-10-18,CMP04893,1357926.63,101.05,4125282.34,856443.31,1497326.53,82.7,8.45,197.1,42.83,17.81
2025-10-19,CMP07022,1219564.35,41.0,4528226.97,1359117.94,-27377.2,81.63,9.26,300.76,58.83,18.74
2025-10-20,CMP09151,1138146.35,60.26,3660349.66,2060811.38,1524224.57,75.14,10.32,175.17,43.84,20.92
2025-10-21,CMP05600,849675.36,54.02,2666284.26,1452743.03,1325257.33,74.53,9.19,190.13,32.56,13.94
2025-10-22,CMP07996,992394.12,85.31,3505190.98,1183917.99,1233167.53,64.93,8.3,223.94,75.69,13.81
2025-10-23,CMP09007,1567149.25,120.07,2186132.5,1165484.5,1073614.92,84.48,9.21,82.03,50.52,11.65
2025-10-24,CMP07683,1457357.65,40.66,5073751.29,571533.87,1726232.36,80.48,8.18,296.97,44.78,10.43
2025-10-25,CMP04642,819477.83,41.73,3228150.79,1714372.59,1650045.07,81.51,8.04,188.47,11.12,12.64
2025-10-26,CMP07679,1284095.78,81.56,5532140.51,1265446.81,907784.98,66.86,7.6,291.86,10.9,20.62
2025-10-27,CMP08208,1565421.7,72.15,1424175.02,1217495.19,1416860.09,43.45,9.81,120.82,39.67,14.52
2025-10-28,CMP07339,520982.46,102.41,5755007.04,2793534.71,822022.71,90.21,7.07,305.33,36.99,22.67
2025-10-29,CMP09435,1475669.48,69.61,6908767.4,1441378.48,646009.72,67.54,9.77,229.9,23.17,19.89
2025-10-30,CMP02205,955353.5,45.11,419174.11,950595.65,970845.2,62.01,8.58,213.84,36.91,8.29
2025-10-31,CMP01069,1487421.39,69.78,5854112.33,1102628.46,1613314.85,84.4,6.4,190.76,63.24,23.49
2025-11-01,CMP03444,911934.84,83.24,7813461.11,1838329.63,1652460.55,68.79,8.43,155.86,46.99,24.39
2025-11-02,CMP01060,462531.64,75.75,2218954.44,1354726.59,1462607.57,89.68,5.6,260.67,13.58,13.94
2025-11-03,CMP02327,539043.98,67.62,8834675.07,629889.42,1554078.43,83.3,8.73,183.99,32.31,22.13
2025-11-04,CMP03420,1261985.36,82.15,5957317.37,1731246.39,1463941.98,84.26,9.03,31.57,19.69,14.73
2025-11-05,CMP00301,1353295.36,84.81,3377260.6,989673.02,964475.19,54.77,7.33,93.04,27.29,20.26
2025-11-06,CMP00606,851076.28,90.34,4867507.24,2176958.91,1427590.24,91.86,8.15,160.4,26.81,12.37
2025-11-07,CMP03170,1516756.98,71.29,6277079.31,1806376.29,1586572.18,78.19,10.25,196.26,25.65,9.31
2025-11-08,CMP00699,524384.5,50.1,5169977.24,1092834.57,1566674.7,69.11,7.43,169.74,11.5,17.48
2025-11-09,CMP05088,1212729.53,58.25,6232156.99,1900262.69,1754190.29,76.49,6.79,262.0,32.02,18.98
2025-11-10,CMP09331,718752.22,85.78,2882239.03,1333510.1,1546833.62,48.87,9.71,32.72,24.14,17.39
2025-11-11,CMP00190,960007.78,33.23,5384261.67,1700200.47,1392869.98,80.31,10.26,184.22,-18.96,12.84
2025-11-12,CMP00980,1261689.27,64.02,1750532.1,1528262.75,1702950.51,59.62,8.01,42.35,71.69,17.38
2025-11-13,CMP02975,870018.13,44.23,4740213.44,906417.42,1229796.87,54.97,9.17,228.78,54.15,21.25
2025-11-14,CMP06102,1075324.7,55.19,2920722.95,1001162.72,860758.76,52.52,9.55,167.0,27.49,19.43
2025-11-15,CMP01184,1675399.53,87.65,3307210.57,1782977.02,1170884.88,90.44,7.16,204.19,34.68,20.75
2025-11-16,CMP03327,992342.11,59.41,7832797.65,1145412.97,919854.67,65.37,7.45,111.36,13.02,15.81
2025-11-17,CMP03394,1601794.68,55.65,7500468.26,1113237.49,949936.92,96.49,9.42,266.37,65.19,26.48
2025-11-18,CMP08319,753832.75,19.13,6393709.39,855605.22,1178887.45,66.72,9.95,249.18,68.86,12.88
2025-11-19,CMP01816,1469820.8,73.83,2488265.15,1499702.88,899353.57,49.86,8.66,216.04,37.19,22.52
2025-11-20,CMP05854,1863197.18,71.21,4269245.76,2265360.2,1108370.82,58.36,7.0,164.47,52.96,26.54
2025-11-21,CMP06709,174860.21,110.63,7780014.73,803090.46,424248.4,92.21,10.29,215.78,37.53,22.48
2025-11-22,CMP00569,897422.71,46.45,5320808.91,1313124.63,1333263.88,72.18,7.4,122.71,10.02,18.52
2025-11-23,CMP05442,1490214.33,60.14,10319216.31,1961557.38,1241759.43,66.54,7.62,235.72,26.85,16.63
2025-11-24,CMP01895,1153636.38,60.92,5898323.9,1264603.94,888710.38,76.73,8.4,293.14,36.74,25.69
2025-11-25,CMP02733,1401368.44,95.41,5436339.5,1513144.65,1525667.71,81.65,9.79,251.27,26.07,11.45
2025-11-26,CMP03863,980652.83,51.97,4285983.5,805491.43,1645749.46,90.5,8.99,121.07,30.36,14.08
2025-11-27,CMP07455,1278598.08,61.69,5302042.02,1501902.34,547665.37,95.27,8.49,199.98,32.68,17.39
2025-11-28,CMP04014,1174073.14,70.23,4645544.08,1214381.8,912165.4,69.25,8.54,80.31,32.87,26.86
2025-11-29,CMP01686,1745073.29,59.29,6620882.55,1762313.7,909396.57,55.35,8.06,215.24,35.29,21.89
2025-11-30,CMP03009,1351007.99,42.85,7191494.74,1856521.4,835722.66,68.48,8.65,206.43,15.04,14.09
2025-12-01,CMP07806,1386896.38,59.49,3191387.76,2511576.98,1599112.27,78.17,5.1,38.6,21.29,17.9
2025-12-02,CMP00154,1063537.0,82.33,1939857.03,1572597.37,1157613.98,60.56,7.67,89.81,10.97,16.14
2025-12-03,CMP01409,1030863.98,27.78,780762.97,1454012.35,1127115.68,60.66,8.29,153.36,52.13,15.58
2025-12-04,CMP00784,1054614.19,57.9,6161540.97,1392620.58,376682.56,79.37,6.69,152.08,-3.97,25.36
2025-12-05,CMP08096,1411423.82,36.26,2462892.59,1136821.26,1515387.39,73.73,8.45,86.36,55.33,11.75
2025-12-06,CMP07560,1059607.61,85.48,53856.02,1459939.59,706567.26,74.9,7.77,201.97,59.56,29.01
2025-12-07,CMP07343,1366261.3,14.88,5887445.65,1163807.29,1267096.98,63.51,10.03,192.02,28.84,24.49
2025-12-08,CMP07206,2136661.03,39.93,10717851.62,1380509.97,1360912.28,71.11,9.82,159.79,-13.02,26.01
2025-12-09,CMP05596,1617081.9,64.24,4981582.48,1917352.32,1828288.94,61.13,7.47,119.17,27.77,17.01
2025-12-10,CMP05801,1100578.05,95.1,6920156.55,831583.34,676555.07,87.23,7.84,249.69,33.17,18.82
2025-12-11,CMP02806,1759497.31,52.74,5183345.35,1834327.32,-61514.66,89.32,7.92,293.57,15.95,11.39
2025-12-12,CMP00537,1065177.18,40.02,4768529.95,1917126.93,1320560.34,47.87,7.49,138.86,24.97,16.65
2025-12-13,CMP05986,361900.31,103.3,7105129.86,1246651.93,2018061.22,61.05,8.23,129.56,62.18,22.55
2025-12-14,CMP01841,806305.35,16.84,4329232.51,310542.66,1775776.78,52.9,7.14,209.36,46.44,27.2
2025-12-15,CMP08716,434095.16,-2.66,5609279.34,1017853.71,1331695.88,65.07,6.71,147.94,17.52,13.28
2025-12-16,CMP06971,1089580.53,65.87,5733930.06,1907727.22,1029125.27,73.23,8.72,163.75,5.27,17.58
2025-12-17,CMP05625,1249185.86,41.4,3462008.56,1291126.75,1589468.5,53.57,8.73,227.33,28.39,18.82
2025-12-18,CMP02950,1964530.15,27.92,7272612.87,834965.81,821207.51,61.16,7.08,35.74,30.46,11.61
2025-12-19,CMP07992,1382290.58,72.84,4593921.59,1065994.23,1446761.6,59.98,9.04,269.18,43.37,23.12
2025-12-20,CMP04780,1146709.47,60.78,3260809.35,1694522.65,1459322.01,77.41,7.28,179.09,24.6,15.5
2025-12-21,CMP02368,1599082.38,39.79,6227001.26,1557227.65,1698661.8,75.42,8.3,144.08,43.65,18.56
2025-12-22,CMP06655,287255.64,21.19,2933208.93,1190188.07,2431881.39,64.04,8.95,167.38,69.55,17.08
2025-12-23,CMP08173,1342894.1,77.1,5060203.35,1130440.59,1410545.32,76.97,7.97,171.12,49.18,15.12
2025-12-24,CMP04495,1573825.42,71.33,4974586.03,1118792.29,1021649.43,66.56,8.53,48.63,33.47,19.65
2025-12-25,CMP09163,603310.41,51.87,7488039.9,870887.48,1230205.42,70.52,7.42,281.96,31.01,18.44
2025-12-26,CMP06002,1734706.52,102.41,6085121.29,2056465.4,477980.05,98.5,7.78,176.83,27.85,17.54
2025-12-27,CMP06614,1387281.98,26.65,4938071.51,1151231.51,941508.7,93.71,7.77,205.88,55.82,15.47
2025-12-28,CMP09358,1062065.36,14.82,6872586.4,1870430.21,1064656.4,55.73,7.15,242.66,22.93,21.54
2025-12-29,CMP05919,1514250.03,36.47,8186545.8,2012523.54,1015123.92,86.36,7.81,99.98,35.16,29.27
2025-12-30,CMP00853,2220918.85,53.26,6275893.52,1768191.12,1306972.11,86.1,6.23,208.08,35.27,20.5
2025-12-31,CMP04146,1319704.66,60.76,5019280.42,1100169.88,886410.21,57.91,7.44,154.48,25.21,25.46
